"timeframe","Cluster_tr2000","cluster_tr2000_nf","start_date","end_date","PctPoorPersons","PctPoorChildren","PctPoorElderly","AvgFamilyIncAdj","PctPoorPersons_m","PctPoorChildren_m","PctPoorElderly_m","AvgFamilyIncAdj_m","PctChgAvgFamilyIncAdj","Tanf_client","Fs_client"
"2012-16","Cluster 1",01,"01JAN2011","31DEC2015",6.9617,0.4032,5.1829,221075.26,1.4988,6.8257,4.1365,35695.67,".",".","."
"2012-16","Cluster 2",02,"01JAN2011","31DEC2015",15.9315,28.6528,21.7877,102546.55,2.0808,5.0784,4.9736,10354.99,".",".","."
"2012-16","Cluster 3",03,"01JAN2011","31DEC2015",13.6939,26.4532,27.6031,175234.05,3.6657,11.8984,10.7866,34522.89,".",".","."
"2012-16","Cluster 4",04,"01JAN2011","31DEC2015",13.7641,1.6285,4.9552,314122.96,4.1268,5.4265,4.2588,56891.82,".",".","."
"2012-16","Cluster 5",05,"01JAN2011","31DEC2015",26.5237,11.9182,17.4379,214278.61,4.7875,39.8335,12.5863,74463.49,".",".","."
"2012-16","Cluster 6",06,"01JAN2011","31DEC2015",11.1646,5.7629,5.3585,186582.82,2.3345,17.3925,5.9949,44754.23,".",".","."
"2012-16","Cluster 7",07,"01JAN2011","31DEC2015",13.3541,16.7544,32.9504,137080.14,2.0020,7.1674,8.0668,22048.33,".",".","."
"2012-16","Cluster 8",08,"01JAN2011","31DEC2015",18.3420,20.7394,20.6023,140553.87,4.7616,13.1317,9.5254,28886.03,".",".","."
"2012-16","Cluster 9",09,"01JAN2011","31DEC2015",17.2548,40.3537,10.7161,119936.46,3.0779,8.4172,5.5920,25158.24,".",".","."
"2012-16","Cluster 10",10,"01JAN2011","31DEC2015",5.6261,1.7154,5.6189,294840.76,1.9119,2.8986,3.5947,33224.23,".",".","."
"2012-16","Cluster 11",11,"01JAN2011","31DEC2015",4.8245,0.0001,4.7131,250635.77,1.6935,2.7732,3.2487,29081.85,".",".","."
"2012-16","Cluster 12",12,"01JAN2011","31DEC2015",7.1375,3.0162,4.3308,236377.61,2.1740,5.4540,4.5443,44567.96,".",".","."
"2012-16","Cluster 13",13,"01JAN2011","31DEC2015",10.8661,3.2393,0.9843,370567.21,3.2627,3.1094,1.8091,49791.53,".",".","."
"2012-16","Cluster 14",14,"01JAN2011","31DEC2015",16.4623,3.5106,6.4001,177794.73,3.9175,7.8337,4.2294,43895.84,".",".","."
"2012-16","Cluster 15",15,"01JAN2011","31DEC2015",6.0937,7.0859,1.9723,324531.98,1.8949,6.1989,2.6230,42333.77,".",".","."
"2012-16","Cluster 16",16,"01JAN2011","31DEC2015",4.0932,0.9504,7.1584,228653.56,2.1264,4.4510,4.3386,34457.33,".",".","."
"2012-16","Cluster 17",17,"01JAN2011","31DEC2015",14.9221,22.3822,12.2676,99125.72,3.0338,5.4434,3.8769,12571.46,".",".","."
"2012-16","Cluster 18",18,"01JAN2011","31DEC2015",11.6807,12.3608,14.8759,123059.93,1.8232,3.3618,3.1951,10932.43,".",".","."
"2012-16","Cluster 19",19,"01JAN2011","31DEC2015",14.2963,12.8061,14.0714,86204.13,2.9849,4.9994,5.7045,15311.15,".",".","."
"2012-16","Cluster 20",20,"01JAN2011","31DEC2015",5.8320,1.3713,10.7417,114579.45,1.8081,3.9585,4.7746,17634.83,".",".","."
"2012-16","Cluster 21",21,"01JAN2011","31DEC2015",16.9198,23.6048,15.2559,118152.08,2.2333,5.7749,4.3452,14135.08,".",".","."
"2012-16","Cluster 22",22,"01JAN2011","31DEC2015",19.6491,28.3923,21.7354,99658.72,5.1000,8.7058,12.9922,17831.91,".",".","."
"2012-16","Cluster 23",23,"01JAN2011","31DEC2015",27.5446,32.3123,17.3469,61988.26,4.1230,7.1491,5.3022,10696.13,".",".","."
"2012-16","Cluster 24",24,"01JAN2011","31DEC2015",15.6481,3.1239,21.9003,105703.19,3.1936,3.8302,5.4666,13679.77,".",".","."
"2012-16","Cluster 25",25,"01JAN2011","31DEC2015",10.3986,9.2269,14.5482,166223.28,1.5313,4.1149,4.7562,13776.95,".",".","."
"2012-16","Cluster 26",26,"01JAN2011","31DEC2015",7.4459,2.1413,8.5194,218903.35,1.7715,5.2347,3.9891,22773.91,".",".","."
"2012-16","Cluster 27",27,"01JAN2011","31DEC2015",22.0999,41.3886,26.1698,122495.39,6.6717,13.8696,10.4593,25313.61,".",".","."
"2012-16","Cluster 28",28,"01JAN2011","31DEC2015",44.1533,59.7588,29.4118,51935.09,7.8677,8.8087,13.8939,14225.40,".",".","."
"2012-16","Cluster 29",29,"01JAN2011","31DEC2015",42.7057,66.2338,15.6250,47763.96,11.6377,13.7360,9.4285,10909.40,".",".","."
"2012-16","Cluster 30",30,"01JAN2011","31DEC2015",32.9652,49.0015,16.5545,47093.06,7.0808,13.3718,6.7641,10935.65,".",".","."
"2012-16","Cluster 31",31,"01JAN2011","31DEC2015",26.5360,39.7425,19.5985,61651.07,5.0003,7.4932,5.9345,9957.23,".",".","."
"2012-16","Cluster 32",32,"01JAN2011","31DEC2015",28.0766,33.1149,22.0580,52494.72,6.1226,8.7996,7.4688,10811.63,".",".","."
"2012-16","Cluster 33",33,"01JAN2011","31DEC2015",30.6356,46.4714,13.7649,56303.09,5.0301,6.7084,4.5866,8036.57,".",".","."
"2012-16","Cluster 34",34,"01JAN2011","31DEC2015",21.3673,26.1486,20.8856,75658.85,3.2705,6.3803,5.4137,10235.56,".",".","."
"2012-16","Cluster 35",35,"01JAN2011","31DEC2015",26.5101,52.4405,20.4731,77760.07,8.3852,12.8650,13.0749,20089.97,".",".","."
"2012-16","Cluster 36",36,"01JAN2011","31DEC2015",50.8769,69.4461,43.9679,37007.86,6.7382,6.8031,14.9898,8416.92,".",".","."
"2012-16","Cluster 37",37,"01JAN2011","31DEC2015",42.3765,52.1040,23.7207,53100.52,5.5081,6.4738,11.5714,23026.82,".",".","."
"2012-16","Cluster 38",38,"01JAN2011","31DEC2015",36.0535,49.1981,26.8860,45533.54,8.2364,7.6831,11.5621,10072.74,".",".","."
"2012-16","Cluster 39",39,"01JAN2011","31DEC2015",37.5384,50.3011,24.0627,49394.13,3.6470,4.0239,4.9117,6204.07,".",".","."
"2012-16","Non-cluster area",99,"01JAN2011","31DEC2015",17.7821,14.4755,17.9939,89933.52,6.7211,6.4359,12.3997,14253.52,".",".","."
2000,"Cluster 1",01,"01JAN2000","31DEC2000",9.9624,25.6167,6.7249,122708.99,".",".",".",".",".",".","."
2000,"Cluster 2",02,"01JAN2000","31DEC2000",25.6179,34.6522,27.1730,48718.90,".",".",".",".",".",".","."
2000,"Cluster 3",03,"01JAN2000","31DEC2000",25.8968,43.2879,38.9908,55453.28,".",".",".",".",".",".","."
2000,"Cluster 4",04,"01JAN2000","31DEC2000",15.3846,6.8722,6.5278,208355.79,".",".",".",".",".",".","."
2000,"Cluster 5",05,"01JAN2000","31DEC2000",28.3612,10.2040,10.9760,198219.79,".",".",".",".",".",".","."
2000,"Cluster 6",06,"01JAN2000","31DEC2000",10.5797,17.1217,7.9778,123930.93,".",".",".",".",".",".","."
2000,"Cluster 7",07,"01JAN2000","31DEC2000",24.7372,32.2620,41.5148,51263.79,".",".",".",".",".",".","."
2000,"Cluster 8",08,"01JAN2000","31DEC2000",33.3833,36.6213,39.8477,43382.76,".",".",".",".",".",".","."
2000,"Cluster 9",09,"01JAN2000","31DEC2000",21.9371,42.0787,20.3505,50491.46,".",".",".",".",".",".","."
2000,"Cluster 10",10,"01JAN2000","31DEC2000",4.7907,1.0670,11.3363,165008.49,".",".",".",".",".",".","."
2000,"Cluster 11",11,"01JAN2000","31DEC2000",3.5395,0.8634,5.6119,184507.42,".",".",".",".",".",".","."
2000,"Cluster 12",12,"01JAN2000","31DEC2000",6.1777,3.8889,5.4162,168257.54,".",".",".",".",".",".","."
2000,"Cluster 13",13,"01JAN2000","31DEC2000",7.1906,2.4728,0.9955,237637.98,".",".",".",".",".",".","."
2000,"Cluster 14",14,"01JAN2000","31DEC2000",13.4837,10.0567,5.0000,104010.49,".",".",".",".",".",".","."
2000,"Cluster 15",15,"01JAN2000","31DEC2000",4.7075,0.4566,4.0593,212835.61,".",".",".",".",".",".","."
2000,"Cluster 16",16,"01JAN2000","31DEC2000",4.9423,6.8613,5.5617,141185.96,".",".",".",".",".",".","."
2000,"Cluster 17",17,"01JAN2000","31DEC2000",12.0520,16.5809,10.3670,66554.12,".",".",".",".",".",".","."
2000,"Cluster 18",18,"01JAN2000","31DEC2000",14.7878,20.0838,13.2973,65317.58,".",".",".",".",".",".","."
2000,"Cluster 19",19,"01JAN2000","31DEC2000",10.4824,10.2244,9.5547,60266.41,".",".",".",".",".",".","."
2000,"Cluster 20",20,"01JAN2000","31DEC2000",8.7484,10.7815,7.0256,68828.47,".",".",".",".",".",".","."
2000,"Cluster 21",21,"01JAN2000","31DEC2000",23.2657,31.3230,18.6115,48130.40,".",".",".",".",".",".","."
2000,"Cluster 22",22,"01JAN2000","31DEC2000",20.8914,33.1931,13.9818,59223.51,".",".",".",".",".",".","."
2000,"Cluster 23",23,"01JAN2000","31DEC2000",30.9247,45.2567,21.6246,37518.79,".",".",".",".",".",".","."
2000,"Cluster 24",24,"01JAN2000","31DEC2000",14.7947,13.1362,20.4659,65285.63,".",".",".",".",".",".","."
2000,"Cluster 25",25,"01JAN2000","31DEC2000",16.7332,28.4910,18.4586,68512.06,".",".",".",".",".",".","."
2000,"Cluster 26",26,"01JAN2000","31DEC2000",12.5197,21.4326,17.0160,100413.94,".",".",".",".",".",".","."
2000,"Cluster 27",27,"01JAN2000","31DEC2000",50.3354,67.0110,61.7155,28864.08,".",".",".",".",".",".","."
2000,"Cluster 28",28,"01JAN2000","31DEC2000",37.7320,49.8569,29.7229,30282.91,".",".",".",".",".",".","."
2000,"Cluster 29",29,"01JAN2000","31DEC2000",28.3846,43.2900,12.7490,42772.51,".",".",".",".",".",".","."
2000,"Cluster 30",30,"01JAN2000","31DEC2000",28.9641,35.2749,31.8584,32836.47,".",".",".",".",".",".","."
2000,"Cluster 31",31,"01JAN2000","31DEC2000",28.9110,39.8608,22.4393,39790.64,".",".",".",".",".",".","."
2000,"Cluster 32",32,"01JAN2000","31DEC2000",24.8108,36.1728,16.7579,37350.96,".",".",".",".",".",".","."
2000,"Cluster 33",33,"01JAN2000","31DEC2000",32.8462,47.9281,20.8780,39830.95,".",".",".",".",".",".","."
2000,"Cluster 34",34,"01JAN2000","31DEC2000",15.5091,20.1862,12.7813,59012.59,".",".",".",".",".",".","."
2000,"Cluster 35",35,"01JAN2000","31DEC2000",15.4506,26.6786,10.5121,59495.85,".",".",".",".",".",".","."
2000,"Cluster 36",36,"01JAN2000","31DEC2000",47.3124,61.0844,41.9725,28848.67,".",".",".",".",".",".","."
2000,"Cluster 37",37,"01JAN2000","31DEC2000",46.0953,59.4175,24.5652,24415.71,".",".",".",".",".",".","."
2000,"Cluster 38",38,"01JAN2000","31DEC2000",46.1504,56.0897,30.6839,27677.16,".",".",".",".",".",".","."
2000,"Cluster 39",39,"01JAN2000","31DEC2000",34.0743,46.4134,17.6963,36576.35,".",".",".",".",".",".","."
2000,"Non-cluster area",99,"01JAN2000","31DEC2000",14.5145,7.2368,0.0000,56496.16,".",".",".",".",".",".","."
1990,"Cluster 1",01,"01JAN1990","31DEC1990",10.4932,21.0221,10.9668,68880.94,".",".",".",".",".",".","."
1990,"Cluster 2",02,"01JAN1990","31DEC1990",24.2724,33.0964,29.9482,31976.75,".",".",".",".",".",".","."
1990,"Cluster 3",03,"01JAN1990","31DEC1990",22.0820,24.0102,31.9444,35059.02,".",".",".",".",".",".","."
1990,"Cluster 4",04,"01JAN1990","31DEC1990",16.0707,9.8537,9.5738,130086.02,".",".",".",".",".",".","."
1990,"Cluster 5",05,"01JAN1990","31DEC1990",21.3266,9.2297,8.7061,127672.49,".",".",".",".",".",".","."
1990,"Cluster 6",06,"01JAN1990","31DEC1990",11.3041,17.0620,14.1785,68899.28,".",".",".",".",".",".","."
1990,"Cluster 7",07,"01JAN1990","31DEC1990",25.1503,27.7606,40.2334,33967.71,".",".",".",".",".",".","."
1990,"Cluster 8",08,"01JAN1990","31DEC1990",35.6389,36.9475,51.0511,23322.46,".",".",".",".",".",".","."
1990,"Cluster 9",09,"01JAN1990","31DEC1990",19.5477,47.0788,10.7717,49437.93,".",".",".",".",".",".","."
1990,"Cluster 10",10,"01JAN1990","31DEC1990",3.5937,0.9050,7.0915,100787.08,".",".",".",".",".",".","."
1990,"Cluster 11",11,"01JAN1990","31DEC1990",6.4896,1.9573,6.2207,106640.28,".",".",".",".",".",".","."
1990,"Cluster 12",12,"01JAN1990","31DEC1990",4.1661,0.0000,3.7464,111954.27,".",".",".",".",".",".","."
1990,"Cluster 13",13,"01JAN1990","31DEC1990",7.1336,4.2071,2.6702,156636.16,".",".",".",".",".",".","."
1990,"Cluster 14",14,"01JAN1990","31DEC1990",7.7794,4.5580,2.9554,91280.71,".",".",".",".",".",".","."
1990,"Cluster 15",15,"01JAN1990","31DEC1990",4.4889,0.4412,7.3010,146246.51,".",".",".",".",".",".","."
1990,"Cluster 16",16,"01JAN1990","31DEC1990",2.4072,0.0000,3.7565,101623.21,".",".",".",".",".",".","."
1990,"Cluster 17",17,"01JAN1990","31DEC1990",7.5774,7.8664,9.7833,51041.89,".",".",".",".",".",".","."
1990,"Cluster 18",18,"01JAN1990","31DEC1990",10.4000,12.4272,14.8572,46182.42,".",".",".",".",".",".","."
1990,"Cluster 19",19,"01JAN1990","31DEC1990",7.5113,5.7174,8.6879,45895.95,".",".",".",".",".",".","."
1990,"Cluster 20",20,"01JAN1990","31DEC1990",4.3635,3.3267,6.7776,57997.44,".",".",".",".",".",".","."
1990,"Cluster 21",21,"01JAN1990","31DEC1990",17.3296,19.8330,19.4325,37674.62,".",".",".",".",".",".","."
1990,"Cluster 22",22,"01JAN1990","31DEC1990",16.4508,23.3997,18.5567,40499.61,".",".",".",".",".",".","."
1990,"Cluster 23",23,"01JAN1990","31DEC1990",23.3423,30.8968,24.5012,28607.04,".",".",".",".",".",".","."
1990,"Cluster 24",24,"01JAN1990","31DEC1990",11.3722,7.7689,19.8666,47709.67,".",".",".",".",".",".","."
1990,"Cluster 25",25,"01JAN1990","31DEC1990",14.3524,17.8621,20.8366,47796.01,".",".",".",".",".",".","."
1990,"Cluster 26",26,"01JAN1990","31DEC1990",10.2148,16.3740,12.9260,66999.22,".",".",".",".",".",".","."
1990,"Cluster 27",27,"01JAN1990","31DEC1990",42.3253,56.0268,55.5916,24656.99,".",".",".",".",".",".","."
1990,"Cluster 28",28,"01JAN1990","31DEC1990",33.3452,43.9512,33.0769,25382.14,".",".",".",".",".",".","."
1990,"Cluster 29",29,"01JAN1990","31DEC1990",9.7688,5.5016,21.1470,48408.40,".",".",".",".",".",".","."
1990,"Cluster 30",30,"01JAN1990","31DEC1990",23.2968,34.8710,14.1289,28150.13,".",".",".",".",".",".","."
1990,"Cluster 31",31,"01JAN1990","31DEC1990",28.0694,40.6612,24.8610,29850.10,".",".",".",".",".",".","."
1990,"Cluster 32",32,"01JAN1990","31DEC1990",19.3266,30.1914,20.5850,30981.36,".",".",".",".",".",".","."
1990,"Cluster 33",33,"01JAN1990","31DEC1990",23.1508,36.2719,19.0546,31292.35,".",".",".",".",".",".","."
1990,"Cluster 34",34,"01JAN1990","31DEC1990",10.4485,13.9779,16.0588,43787.59,".",".",".",".",".",".","."
1990,"Cluster 35",35,"01JAN1990","31DEC1990",10.9449,18.8714,10.6238,45921.07,".",".",".",".",".",".","."
1990,"Cluster 36",36,"01JAN1990","31DEC1990",35.2995,48.0752,28.0992,23687.47,".",".",".",".",".",".","."
1990,"Cluster 37",37,"01JAN1990","31DEC1990",34.2760,49.3294,19.1589,23815.41,".",".",".",".",".",".","."
1990,"Cluster 38",38,"01JAN1990","31DEC1990",35.0522,46.4501,42.1488,22450.10,".",".",".",".",".",".","."
1990,"Cluster 39",39,"01JAN1990","31DEC1990",27.1562,38.8357,19.0892,27184.99,".",".",".",".",".",".","."
1990,"Non-cluster area",99,"01JAN1990","31DEC1990",10.8440,12.4136,17.5824,38359.59,".",".",".",".",".",".","."
"2000 to 2012-16","Cluster 1",01,"01JAN2000","31DEC2016",".",".",".",".",".",".",".",".",29.263,".","."
"2000 to 2012-16","Cluster 2",02,"01JAN2000","31DEC2016",".",".",".",".",".",".",".",".",51.019,".","."
"2000 to 2012-16","Cluster 3",03,"01JAN2000","31DEC2016",".",".",".",".",".",".",".",".",126.726,".","."
"2000 to 2012-16","Cluster 4",04,"01JAN2000","31DEC2016",".",".",".",".",".",".",".",".",8.169,".","."
"2000 to 2012-16","Cluster 5",05,"01JAN2000","31DEC2016",".",".",".",".",".",".",".",".",-22.439,".","."
"2000 to 2012-16","Cluster 6",06,"01JAN2000","31DEC2016",".",".",".",".",".",".",".",".",8.019,".","."
"2000 to 2012-16","Cluster 7",07,"01JAN2000","31DEC2016",".",".",".",".",".",".",".",".",91.855,".","."
"2000 to 2012-16","Cluster 8",08,"01JAN2000","31DEC2016",".",".",".",".",".",".",".",".",132.453,".","."
"2000 to 2012-16","Cluster 9",09,"01JAN2000","31DEC2016",".",".",".",".",".",".",".",".",70.429,".","."
"2000 to 2012-16","Cluster 10",10,"01JAN2000","31DEC2016",".",".",".",".",".",".",".",".",28.201,".","."
"2000 to 2012-16","Cluster 11",11,"01JAN2000","31DEC2016",".",".",".",".",".",".",".",".",-2.537,".","."
"2000 to 2012-16","Cluster 12",12,"01JAN2000","31DEC2016",".",".",".",".",".",".",".",".",0.795,".","."
"2000 to 2012-16","Cluster 13",13,"01JAN2000","31DEC2016",".",".",".",".",".",".",".",".",11.882,".","."
"2000 to 2012-16","Cluster 14",14,"01JAN2000","31DEC2016",".",".",".",".",".",".",".",".",22.645,".","."
"2000 to 2012-16","Cluster 15",15,"01JAN2000","31DEC2016",".",".",".",".",".",".",".",".",9.401,".","."
"2000 to 2012-16","Cluster 16",16,"01JAN2000","31DEC2016",".",".",".",".",".",".",".",".",16.197,".","."
"2000 to 2012-16","Cluster 17",17,"01JAN2000","31DEC2016",".",".",".",".",".",".",".",".",6.861,".","."
"2000 to 2012-16","Cluster 18",18,"01JAN2000","31DEC2016",".",".",".",".",".",".",".",".",35.175,".","."
"2000 to 2012-16","Cluster 19",19,"01JAN2000","31DEC2016",".",".",".",".",".",".",".",".",2.627,".","."
"2000 to 2012-16","Cluster 20",20,"01JAN2000","31DEC2016",".",".",".",".",".",".",".",".",19.439,".","."
"2000 to 2012-16","Cluster 21",21,"01JAN2000","31DEC2016",".",".",".",".",".",".",".",".",76.129,".","."
"2000 to 2012-16","Cluster 22",22,"01JAN2000","31DEC2016",".",".",".",".",".",".",".",".",20.734,".","."
"2000 to 2012-16","Cluster 23",23,"01JAN2000","31DEC2016",".",".",".",".",".",".",".",".",18.541,".","."
"2000 to 2012-16","Cluster 24",24,"01JAN2000","31DEC2016",".",".",".",".",".",".",".",".",16.166,".","."
"2000 to 2012-16","Cluster 25",25,"01JAN2000","31DEC2016",".",".",".",".",".",".",".",".",74.074,".","."
"2000 to 2012-16","Cluster 26",26,"01JAN2000","31DEC2016",".",".",".",".",".",".",".",".",56.411,".","."
"2000 to 2012-16","Cluster 27",27,"01JAN2000","31DEC2016",".",".",".",".",".",".",".",".",204.489,".","."
"2000 to 2012-16","Cluster 28",28,"01JAN2000","31DEC2016",".",".",".",".",".",".",".",".",23.047,".","."
"2000 to 2012-16","Cluster 29",29,"01JAN2000","31DEC2016",".",".",".",".",".",".",".",".",-19.879,".","."
"2000 to 2012-16","Cluster 30",30,"01JAN2000","31DEC2016",".",".",".",".",".",".",".",".",2.899,".","."
"2000 to 2012-16","Cluster 31",31,"01JAN2000","31DEC2016",".",".",".",".",".",".",".",".",11.165,".","."
"2000 to 2012-16","Cluster 32",32,"01JAN2000","31DEC2016",".",".",".",".",".",".",".",".",0.838,".","."
"2000 to 2012-16","Cluster 33",33,"01JAN2000","31DEC2016",".",".",".",".",".",".",".",".",1.419,".","."
"2000 to 2012-16","Cluster 34",34,"01JAN2000","31DEC2016",".",".",".",".",".",".",".",".",-8.013,".","."
"2000 to 2012-16","Cluster 35",35,"01JAN2000","31DEC2016",".",".",".",".",".",".",".",".",-6.227,".","."
"2000 to 2012-16","Cluster 36",36,"01JAN2000","31DEC2016",".",".",".",".",".",".",".",".",-7.960,".","."
"2000 to 2012-16","Cluster 37",37,"01JAN2000","31DEC2016",".",".",".",".",".",".",".",".",56.041,".","."
"2000 to 2012-16","Cluster 38",38,"01JAN2000","31DEC2016",".",".",".",".",".",".",".",".",18.037,".","."
"2000 to 2012-16","Cluster 39",39,"01JAN2000","31DEC2016",".",".",".",".",".",".",".",".",-3.109,".","."
"2000 to 2012-16","Non-cluster area",99,"01JAN2000","31DEC2016",".",".",".",".",".",".",".",".",14.212,".","."
"1990 to 2000","Cluster 1",01,"01JAN1990","31DEC2000",".",".",".",".",".",".",".",".",35.213,".","."
"1990 to 2000","Cluster 2",02,"01JAN1990","31DEC2000",".",".",".",".",".",".",".",".",15.639,".","."
"1990 to 2000","Cluster 3",03,"01JAN1990","31DEC2000",".",".",".",".",".",".",".",".",20.052,".","."
"1990 to 2000","Cluster 4",04,"01JAN1990","31DEC2000",".",".",".",".",".",".",".",".",21.567,".","."
"1990 to 2000","Cluster 5",05,"01JAN1990","31DEC2000",".",".",".",".",".",".",".",".",17.840,".","."
"1990 to 2000","Cluster 6",06,"01JAN1990","31DEC2000",".",".",".",".",".",".",".",".",36.524,".","."
"1990 to 2000","Cluster 7",07,"01JAN1990","31DEC2000",".",".",".",".",".",".",".",".",14.548,".","."
"1990 to 2000","Cluster 8",08,"01JAN1990","31DEC2000",".",".",".",".",".",".",".",".",41.184,".","."
"1990 to 2000","Cluster 9",09,"01JAN1990","31DEC2000",".",".",".",".",".",".",".",".",-22.482,".","."
"1990 to 2000","Cluster 10",10,"01JAN1990","31DEC2000",".",".",".",".",".",".",".",".",24.264,".","."
"1990 to 2000","Cluster 11",11,"01JAN1990","31DEC2000",".",".",".",".",".",".",".",".",31.321,".","."
"1990 to 2000","Cluster 12",12,"01JAN1990","31DEC2000",".",".",".",".",".",".",".",".",14.071,".","."
"1990 to 2000","Cluster 13",13,"01JAN1990","31DEC2000",".",".",".",".",".",".",".",".",15.151,".","."
"1990 to 2000","Cluster 14",14,"01JAN1990","31DEC2000",".",".",".",".",".",".",".",".",-13.515,".","."
"1990 to 2000","Cluster 15",15,"01JAN1990","31DEC2000",".",".",".",".",".",".",".",".",10.459,".","."
"1990 to 2000","Cluster 16",16,"01JAN1990","31DEC2000",".",".",".",".",".",".",".",".",5.449,".","."
"1990 to 2000","Cluster 17",17,"01JAN1990","31DEC2000",".",".",".",".",".",".",".",".",-1.033,".","."
"1990 to 2000","Cluster 18",18,"01JAN1990","31DEC2000",".",".",".",".",".",".",".",".",7.348,".","."
"1990 to 2000","Cluster 19",19,"01JAN1990","31DEC2000",".",".",".",".",".",".",".",".",-0.335,".","."
"1990 to 2000","Cluster 20",20,"01JAN1990","31DEC2000",".",".",".",".",".",".",".",".",-9.926,".","."
"1990 to 2000","Cluster 21",21,"01JAN1990","31DEC2000",".",".",".",".",".",".",".",".",-3.035,".","."
"1990 to 2000","Cluster 22",22,"01JAN1990","31DEC2000",".",".",".",".",".",".",".",".",10.990,".","."
"1990 to 2000","Cluster 23",23,"01JAN1990","31DEC2000",".",".",".",".",".",".",".",".",-0.455,".","."
"1990 to 2000","Cluster 24",24,"01JAN1990","31DEC2000",".",".",".",".",".",".",".",".",3.861,".","."
"1990 to 2000","Cluster 25",25,"01JAN1990","31DEC2000",".",".",".",".",".",".",".",".",8.797,".","."
"1990 to 2000","Cluster 26",26,"01JAN1990","31DEC2000",".",".",".",".",".",".",".",".",13.754,".","."
"1990 to 2000","Cluster 27",27,"01JAN1990","31DEC2000",".",".",".",".",".",".",".",".",-11.149,".","."
"1990 to 2000","Cluster 28",28,"01JAN1990","31DEC2000",".",".",".",".",".",".",".",".",-9.445,".","."
"1990 to 2000","Cluster 29",29,"01JAN1990","31DEC2000",".",".",".",".",".",".",".",".",-32.936,".","."
"1990 to 2000","Cluster 30",30,"01JAN1990","31DEC2000",".",".",".",".",".",".",".",".",-11.464,".","."
"1990 to 2000","Cluster 31",31,"01JAN1990","31DEC2000",".",".",".",".",".",".",".",".",1.176,".","."
"1990 to 2000","Cluster 32",32,"01JAN1990","31DEC2000",".",".",".",".",".",".",".",".",-8.495,".","."
"1990 to 2000","Cluster 33",33,"01JAN1990","31DEC2000",".",".",".",".",".",".",".",".",-3.389,".","."
"1990 to 2000","Cluster 34",34,"01JAN1990","31DEC2000",".",".",".",".",".",".",".",".",2.291,".","."
"1990 to 2000","Cluster 35",35,"01JAN1990","31DEC2000",".",".",".",".",".",".",".",".",-1.663,".","."
"1990 to 2000","Cluster 36",36,"01JAN1990","31DEC2000",".",".",".",".",".",".",".",".",-7.562,".","."
"1990 to 2000","Cluster 37",37,"01JAN1990","31DEC2000",".",".",".",".",".",".",".",".",-22.187,".","."
"1990 to 2000","Cluster 38",38,"01JAN1990","31DEC2000",".",".",".",".",".",".",".",".",-6.428,".","."
"1990 to 2000","Cluster 39",39,"01JAN1990","31DEC2000",".",".",".",".",".",".",".",".",2.121,".","."
"1990 to 2000","Non-cluster area",99,"01JAN1990","31DEC2000",".",".",".",".",".",".",".",".",11.786,".","."
2000,"Cluster 1",01,"01JAN2000","31DEC2000",".",".",".",".",".",".",".",".",".",247.00,546.00
2001,"Cluster 1",01,"01JAN2001","31DEC2001",".",".",".",".",".",".",".",".",".",241.00,526.00
2002,"Cluster 1",01,"01JAN2002","31DEC2002",".",".",".",".",".",".",".",".",".",233.50,536.50
2003,"Cluster 1",01,"01JAN2003","31DEC2003",".",".",".",".",".",".",".",".",".",212.00,550.50
2004,"Cluster 1",01,"01JAN2004","31DEC2004",".",".",".",".",".",".",".",".",".",178.50,566.00
2005,"Cluster 1",01,"01JAN2005","31DEC2005",".",".",".",".",".",".",".",".",".",155.00,534.00
2006,"Cluster 1",01,"01JAN2006","31DEC2006",".",".",".",".",".",".",".",".",".",128.50,527.00
2007,"Cluster 1",01,"01JAN2007","31DEC2007",".",".",".",".",".",".",".",".",".",121.50,516.50
2008,"Cluster 1",01,"01JAN2008","31DEC2008",".",".",".",".",".",".",".",".",".",118.50,464.50
2009,"Cluster 1",01,"01JAN2009","31DEC2009",".",".",".",".",".",".",".",".",".",137.00,562.00
2010,"Cluster 1",01,"01JAN2010","31DEC2010",".",".",".",".",".",".",".",".",".",145.50,655.50
2011,"Cluster 1",01,"01JAN2011","31DEC2011",".",".",".",".",".",".",".",".",".",163.50,790.50
2012,"Cluster 1",01,"01JAN2012","31DEC2012",".",".",".",".",".",".",".",".",".",133.50,856.50
2013,"Cluster 1",01,"01JAN2013","31DEC2013",".",".",".",".",".",".",".",".",".",147.50,858.00
2014,"Cluster 1",01,"01JAN2014","31DEC2014",".",".",".",".",".",".",".",".",".",125.50,767.50
2015,"Cluster 1",01,"01JAN2015","31DEC2015",".",".",".",".",".",".",".",".",".",139.50,760.00
2000,"Cluster 2",02,"01JAN2000","31DEC2000",".",".",".",".",".",".",".",".",".",3423.29,6455.90
2001,"Cluster 2",02,"01JAN2001","31DEC2001",".",".",".",".",".",".",".",".",".",3448.16,6179.38
2002,"Cluster 2",02,"01JAN2002","31DEC2002",".",".",".",".",".",".",".",".",".",3373.23,5968.48
2003,"Cluster 2",02,"01JAN2003","31DEC2003",".",".",".",".",".",".",".",".",".",3198.20,6055.72
2004,"Cluster 2",02,"01JAN2004","31DEC2004",".",".",".",".",".",".",".",".",".",3171.54,6052.65
2005,"Cluster 2",02,"01JAN2005","31DEC2005",".",".",".",".",".",".",".",".",".",3057.71,6261.79
2006,"Cluster 2",02,"01JAN2006","31DEC2006",".",".",".",".",".",".",".",".",".",2640.18,5953.30
2007,"Cluster 2",02,"01JAN2007","31DEC2007",".",".",".",".",".",".",".",".",".",2466.38,5739.89
2008,"Cluster 2",02,"01JAN2008","31DEC2008",".",".",".",".",".",".",".",".",".",2393.54,5686.16
2009,"Cluster 2",02,"01JAN2009","31DEC2009",".",".",".",".",".",".",".",".",".",2557.07,6679.68
2010,"Cluster 2",02,"01JAN2010","31DEC2010",".",".",".",".",".",".",".",".",".",2723.26,8074.98
2011,"Cluster 2",02,"01JAN2011","31DEC2011",".",".",".",".",".",".",".",".",".",2664.30,9179.65
2012,"Cluster 2",02,"01JAN2012","31DEC2012",".",".",".",".",".",".",".",".",".",2578.42,9400.32
2013,"Cluster 2",02,"01JAN2013","31DEC2013",".",".",".",".",".",".",".",".",".",2435.16,9639.55
2014,"Cluster 2",02,"01JAN2014","31DEC2014",".",".",".",".",".",".",".",".",".",2182.29,8943.90
2015,"Cluster 2",02,"01JAN2015","31DEC2015",".",".",".",".",".",".",".",".",".",1976.29,8896.19
2000,"Cluster 3",03,"01JAN2000","31DEC2000",".",".",".",".",".",".",".",".",".",660.71,1283.10
2001,"Cluster 3",03,"01JAN2001","31DEC2001",".",".",".",".",".",".",".",".",".",570.84,1162.62
2002,"Cluster 3",03,"01JAN2002","31DEC2002",".",".",".",".",".",".",".",".",".",546.27,1141.02
2003,"Cluster 3",03,"01JAN2003","31DEC2003",".",".",".",".",".",".",".",".",".",534.30,1139.28
2004,"Cluster 3",03,"01JAN2004","31DEC2004",".",".",".",".",".",".",".",".",".",578.96,1152.85
2005,"Cluster 3",03,"01JAN2005","31DEC2005",".",".",".",".",".",".",".",".",".",529.29,1101.71
2006,"Cluster 3",03,"01JAN2006","31DEC2006",".",".",".",".",".",".",".",".",".",396.32,1011.20
2007,"Cluster 3",03,"01JAN2007","31DEC2007",".",".",".",".",".",".",".",".",".",402.62,970.11
2008,"Cluster 3",03,"01JAN2008","31DEC2008",".",".",".",".",".",".",".",".",".",372.96,951.34
2009,"Cluster 3",03,"01JAN2009","31DEC2009",".",".",".",".",".",".",".",".",".",346.43,1057.32
2010,"Cluster 3",03,"01JAN2010","31DEC2010",".",".",".",".",".",".",".",".",".",347.74,1254.02
2011,"Cluster 3",03,"01JAN2011","31DEC2011",".",".",".",".",".",".",".",".",".",296.20,1351.85
2012,"Cluster 3",03,"01JAN2012","31DEC2012",".",".",".",".",".",".",".",".",".",290.58,1382.68
2013,"Cluster 3",03,"01JAN2013","31DEC2013",".",".",".",".",".",".",".",".",".",307.34,1340.95
2014,"Cluster 3",03,"01JAN2014","31DEC2014",".",".",".",".",".",".",".",".",".",292.71,1227.60
2015,"Cluster 3",03,"01JAN2015","31DEC2015",".",".",".",".",".",".",".",".",".",241.71,1189.81
2000,"Cluster 4",04,"01JAN2000","31DEC2000",".",".",".",".",".",".",".",".",".",10.00,24.00
2001,"Cluster 4",04,"01JAN2001","31DEC2001",".",".",".",".",".",".",".",".",".",10.50,28.50
2002,"Cluster 4",04,"01JAN2002","31DEC2002",".",".",".",".",".",".",".",".",".",11.00,31.00
2003,"Cluster 4",04,"01JAN2003","31DEC2003",".",".",".",".",".",".",".",".",".",8.50,27.00
2004,"Cluster 4",04,"01JAN2004","31DEC2004",".",".",".",".",".",".",".",".",".",11.50,26.00
2005,"Cluster 4",04,"01JAN2005","31DEC2005",".",".",".",".",".",".",".",".",".",11.50,35.50
2006,"Cluster 4",04,"01JAN2006","31DEC2006",".",".",".",".",".",".",".",".",".",3.00,29.50
2007,"Cluster 4",04,"01JAN2007","31DEC2007",".",".",".",".",".",".",".",".",".",7.50,44.50
2008,"Cluster 4",04,"01JAN2008","31DEC2008",".",".",".",".",".",".",".",".",".",7.50,39.50
2009,"Cluster 4",04,"01JAN2009","31DEC2009",".",".",".",".",".",".",".",".",".",12.00,59.00
2010,"Cluster 4",04,"01JAN2010","31DEC2010",".",".",".",".",".",".",".",".",".",12.50,67.50
2011,"Cluster 4",04,"01JAN2011","31DEC2011",".",".",".",".",".",".",".",".",".",14.00,87.00
2012,"Cluster 4",04,"01JAN2012","31DEC2012",".",".",".",".",".",".",".",".",".",9.50,99.50
2013,"Cluster 4",04,"01JAN2013","31DEC2013",".",".",".",".",".",".",".",".",".",7.00,82.50
2014,"Cluster 4",04,"01JAN2014","31DEC2014",".",".",".",".",".",".",".",".",".",6.50,95.50
2015,"Cluster 4",04,"01JAN2015","31DEC2015",".",".",".",".",".",".",".",".",".",6.00,90.00
2000,"Cluster 5",05,"01JAN2000","31DEC2000",".",".",".",".",".",".",".",".",".",3.00,62.26
2001,"Cluster 5",05,"01JAN2001","31DEC2001",".",".",".",".",".",".",".",".",".",1.00,49.20
2002,"Cluster 5",05,"01JAN2002","31DEC2002",".",".",".",".",".",".",".",".",".",0.63,42.28
2003,"Cluster 5",05,"01JAN2003","31DEC2003",".",".",".",".",".",".",".",".",".",0.63,30.02
2004,"Cluster 5",05,"01JAN2004","31DEC2004",".",".",".",".",".",".",".",".",".",9.94,37.62
2005,"Cluster 5",05,"01JAN2005","31DEC2005",".",".",".",".",".",".",".",".",".",2.00,36.25
2006,"Cluster 5",05,"01JAN2006","31DEC2006",".",".",".",".",".",".",".",".",".",7.76,47.15
2007,"Cluster 5",05,"01JAN2007","31DEC2007",".",".",".",".",".",".",".",".",".",25.00,77.49
2008,"Cluster 5",05,"01JAN2008","31DEC2008",".",".",".",".",".",".",".",".",".",31.00,84.81
2009,"Cluster 5",05,"01JAN2009","31DEC2009",".",".",".",".",".",".",".",".",".",18.50,73.46
2010,"Cluster 5",05,"01JAN2010","31DEC2010",".",".",".",".",".",".",".",".",".",26.57,94.46
2011,"Cluster 5",05,"01JAN2011","31DEC2011",".",".",".",".",".",".",".",".",".",33.44,107.69
2012,"Cluster 5",05,"01JAN2012","31DEC2012",".",".",".",".",".",".",".",".",".",29.92,109.65
2013,"Cluster 5",05,"01JAN2013","31DEC2013",".",".",".",".",".",".",".",".",".",24.29,118.63
2014,"Cluster 5",05,"01JAN2014","31DEC2014",".",".",".",".",".",".",".",".",".",11.94,98.61
2015,"Cluster 5",05,"01JAN2015","31DEC2015",".",".",".",".",".",".",".",".",".",17.63,146.58
2000,"Cluster 6",06,"01JAN2000","31DEC2000",".",".",".",".",".",".",".",".",".",78.00,218.74
2001,"Cluster 6",06,"01JAN2001","31DEC2001",".",".",".",".",".",".",".",".",".",86.00,205.80
2002,"Cluster 6",06,"01JAN2002","31DEC2002",".",".",".",".",".",".",".",".",".",104.37,224.72
2003,"Cluster 6",06,"01JAN2003","31DEC2003",".",".",".",".",".",".",".",".",".",95.87,235.48
2004,"Cluster 6",06,"01JAN2004","31DEC2004",".",".",".",".",".",".",".",".",".",86.06,215.38
2005,"Cluster 6",06,"01JAN2005","31DEC2005",".",".",".",".",".",".",".",".",".",75.00,201.75
2006,"Cluster 6",06,"01JAN2006","31DEC2006",".",".",".",".",".",".",".",".",".",75.24,212.35
2007,"Cluster 6",06,"01JAN2007","31DEC2007",".",".",".",".",".",".",".",".",".",73.00,225.51
2008,"Cluster 6",06,"01JAN2008","31DEC2008",".",".",".",".",".",".",".",".",".",61.00,186.19
2009,"Cluster 6",06,"01JAN2009","31DEC2009",".",".",".",".",".",".",".",".",".",72.50,211.54
2010,"Cluster 6",06,"01JAN2010","31DEC2010",".",".",".",".",".",".",".",".",".",72.93,242.54
2011,"Cluster 6",06,"01JAN2011","31DEC2011",".",".",".",".",".",".",".",".",".",48.06,227.31
2012,"Cluster 6",06,"01JAN2012","31DEC2012",".",".",".",".",".",".",".",".",".",36.08,251.35
2013,"Cluster 6",06,"01JAN2013","31DEC2013",".",".",".",".",".",".",".",".",".",38.21,241.87
2014,"Cluster 6",06,"01JAN2014","31DEC2014",".",".",".",".",".",".",".",".",".",20.56,219.89
2015,"Cluster 6",06,"01JAN2015","31DEC2015",".",".",".",".",".",".",".",".",".",17.87,194.42
2000,"Cluster 7",07,"01JAN2000","31DEC2000",".",".",".",".",".",".",".",".",".",975.00,2266.00
2001,"Cluster 7",07,"01JAN2001","31DEC2001",".",".",".",".",".",".",".",".",".",1026.50,2251.00
2002,"Cluster 7",07,"01JAN2002","31DEC2002",".",".",".",".",".",".",".",".",".",1081.50,2351.00
2003,"Cluster 7",07,"01JAN2003","31DEC2003",".",".",".",".",".",".",".",".",".",1106.50,2448.00
2004,"Cluster 7",07,"01JAN2004","31DEC2004",".",".",".",".",".",".",".",".",".",1104.50,2464.50
2005,"Cluster 7",07,"01JAN2005","31DEC2005",".",".",".",".",".",".",".",".",".",1056.50,2562.00
2006,"Cluster 7",07,"01JAN2006","31DEC2006",".",".",".",".",".",".",".",".",".",922.00,2562.50
2007,"Cluster 7",07,"01JAN2007","31DEC2007",".",".",".",".",".",".",".",".",".",869.50,2496.00
2008,"Cluster 7",07,"01JAN2008","31DEC2008",".",".",".",".",".",".",".",".",".",749.00,2409.00
2009,"Cluster 7",07,"01JAN2009","31DEC2009",".",".",".",".",".",".",".",".",".",769.50,2601.50
2010,"Cluster 7",07,"01JAN2010","31DEC2010",".",".",".",".",".",".",".",".",".",782.50,2976.00
2011,"Cluster 7",07,"01JAN2011","31DEC2011",".",".",".",".",".",".",".",".",".",767.00,3330.00
2012,"Cluster 7",07,"01JAN2012","31DEC2012",".",".",".",".",".",".",".",".",".",757.50,3450.00
2013,"Cluster 7",07,"01JAN2013","31DEC2013",".",".",".",".",".",".",".",".",".",719.50,3540.00
2014,"Cluster 7",07,"01JAN2014","31DEC2014",".",".",".",".",".",".",".",".",".",627.00,3279.00
2015,"Cluster 7",07,"01JAN2015","31DEC2015",".",".",".",".",".",".",".",".",".",582.00,3230.50
2000,"Cluster 8",08,"01JAN2000","31DEC2000",".",".",".",".",".",".",".",".",".",1070.00,3007.00
2001,"Cluster 8",08,"01JAN2001","31DEC2001",".",".",".",".",".",".",".",".",".",1156.00,2813.50
2002,"Cluster 8",08,"01JAN2002","31DEC2002",".",".",".",".",".",".",".",".",".",1233.00,2982.50
2003,"Cluster 8",08,"01JAN2003","31DEC2003",".",".",".",".",".",".",".",".",".",1348.50,3516.50
2004,"Cluster 8",08,"01JAN2004","31DEC2004",".",".",".",".",".",".",".",".",".",1386.50,3615.00
2005,"Cluster 8",08,"01JAN2005","31DEC2005",".",".",".",".",".",".",".",".",".",1419.00,3674.00
2006,"Cluster 8",08,"01JAN2006","31DEC2006",".",".",".",".",".",".",".",".",".",1269.50,3570.50
2007,"Cluster 8",08,"01JAN2007","31DEC2007",".",".",".",".",".",".",".",".",".",1172.00,3211.50
2008,"Cluster 8",08,"01JAN2008","31DEC2008",".",".",".",".",".",".",".",".",".",935.00,2891.50
2009,"Cluster 8",08,"01JAN2009","31DEC2009",".",".",".",".",".",".",".",".",".",766.00,2759.50
2010,"Cluster 8",08,"01JAN2010","31DEC2010",".",".",".",".",".",".",".",".",".",774.00,2958.00
2011,"Cluster 8",08,"01JAN2011","31DEC2011",".",".",".",".",".",".",".",".",".",807.00,3241.50
2012,"Cluster 8",08,"01JAN2012","31DEC2012",".",".",".",".",".",".",".",".",".",819.50,3351.50
2013,"Cluster 8",08,"01JAN2013","31DEC2013",".",".",".",".",".",".",".",".",".",785.50,3353.50
2014,"Cluster 8",08,"01JAN2014","31DEC2014",".",".",".",".",".",".",".",".",".",769.50,3096.00
2015,"Cluster 8",08,"01JAN2015","31DEC2015",".",".",".",".",".",".",".",".",".",676.50,3022.50
2000,"Cluster 9",09,"01JAN2000","31DEC2000",".",".",".",".",".",".",".",".",".",963.00,1683.00
2001,"Cluster 9",09,"01JAN2001","31DEC2001",".",".",".",".",".",".",".",".",".",935.50,1635.50
2002,"Cluster 9",09,"01JAN2002","31DEC2002",".",".",".",".",".",".",".",".",".",893.00,1683.00
2003,"Cluster 9",09,"01JAN2003","31DEC2003",".",".",".",".",".",".",".",".",".",951.50,1845.50
2004,"Cluster 9",09,"01JAN2004","31DEC2004",".",".",".",".",".",".",".",".",".",1049.00,2048.00
2005,"Cluster 9",09,"01JAN2005","31DEC2005",".",".",".",".",".",".",".",".",".",1017.50,2016.50
2006,"Cluster 9",09,"01JAN2006","31DEC2006",".",".",".",".",".",".",".",".",".",963.00,1954.50
2007,"Cluster 9",09,"01JAN2007","31DEC2007",".",".",".",".",".",".",".",".",".",887.00,1843.50
2008,"Cluster 9",09,"01JAN2008","31DEC2008",".",".",".",".",".",".",".",".",".",906.50,1990.50
2009,"Cluster 9",09,"01JAN2009","31DEC2009",".",".",".",".",".",".",".",".",".",948.50,2142.50
2010,"Cluster 9",09,"01JAN2010","31DEC2010",".",".",".",".",".",".",".",".",".",1001.00,2417.50
2011,"Cluster 9",09,"01JAN2011","31DEC2011",".",".",".",".",".",".",".",".",".",980.50,2576.00
2012,"Cluster 9",09,"01JAN2012","31DEC2012",".",".",".",".",".",".",".",".",".",964.50,2664.50
2013,"Cluster 9",09,"01JAN2013","31DEC2013",".",".",".",".",".",".",".",".",".",956.50,2636.00
2014,"Cluster 9",09,"01JAN2014","31DEC2014",".",".",".",".",".",".",".",".",".",906.50,2557.50
2015,"Cluster 9",09,"01JAN2015","31DEC2015",".",".",".",".",".",".",".",".",".",806.50,2504.00
2000,"Cluster 10",10,"01JAN2000","31DEC2000",".",".",".",".",".",".",".",".",".",2.00,39.00
2001,"Cluster 10",10,"01JAN2001","31DEC2001",".",".",".",".",".",".",".",".",".",4.00,34.50
2002,"Cluster 10",10,"01JAN2002","31DEC2002",".",".",".",".",".",".",".",".",".",2.00,29.50
2003,"Cluster 10",10,"01JAN2003","31DEC2003",".",".",".",".",".",".",".",".",".",2.00,35.50
2004,"Cluster 10",10,"01JAN2004","31DEC2004",".",".",".",".",".",".",".",".",".",5.00,45.00
2005,"Cluster 10",10,"01JAN2005","31DEC2005",".",".",".",".",".",".",".",".",".",6.00,41.50
2006,"Cluster 10",10,"01JAN2006","31DEC2006",".",".",".",".",".",".",".",".",".",6.50,45.50
2007,"Cluster 10",10,"01JAN2007","31DEC2007",".",".",".",".",".",".",".",".",".",6.00,36.00
2008,"Cluster 10",10,"01JAN2008","31DEC2008",".",".",".",".",".",".",".",".",".",3.00,37.50
2009,"Cluster 10",10,"01JAN2009","31DEC2009",".",".",".",".",".",".",".",".",".",2.50,46.00
2010,"Cluster 10",10,"01JAN2010","31DEC2010",".",".",".",".",".",".",".",".",".",8.00,73.00
2011,"Cluster 10",10,"01JAN2011","31DEC2011",".",".",".",".",".",".",".",".",".",7.50,82.50
2012,"Cluster 10",10,"01JAN2012","31DEC2012",".",".",".",".",".",".",".",".",".",8.00,102.50
2013,"Cluster 10",10,"01JAN2013","31DEC2013",".",".",".",".",".",".",".",".",".",8.00,121.00
2014,"Cluster 10",10,"01JAN2014","31DEC2014",".",".",".",".",".",".",".",".",".",8.00,106.50
2015,"Cluster 10",10,"01JAN2015","31DEC2015",".",".",".",".",".",".",".",".",".",9.50,126.00
2000,"Cluster 11",11,"01JAN2000","31DEC2000",".",".",".",".",".",".",".",".",".",4.00,44.00
2001,"Cluster 11",11,"01JAN2001","31DEC2001",".",".",".",".",".",".",".",".",".",0.00,38.00
2002,"Cluster 11",11,"01JAN2002","31DEC2002",".",".",".",".",".",".",".",".",".",8.00,42.50
2003,"Cluster 11",11,"01JAN2003","31DEC2003",".",".",".",".",".",".",".",".",".",3.00,38.00
2004,"Cluster 11",11,"01JAN2004","31DEC2004",".",".",".",".",".",".",".",".",".",0.00,44.00
2005,"Cluster 11",11,"01JAN2005","31DEC2005",".",".",".",".",".",".",".",".",".",2.00,55.00
2006,"Cluster 11",11,"01JAN2006","31DEC2006",".",".",".",".",".",".",".",".",".",6.00,68.50
2007,"Cluster 11",11,"01JAN2007","31DEC2007",".",".",".",".",".",".",".",".",".",3.50,67.50
2008,"Cluster 11",11,"01JAN2008","31DEC2008",".",".",".",".",".",".",".",".",".",8.00,65.00
2009,"Cluster 11",11,"01JAN2009","31DEC2009",".",".",".",".",".",".",".",".",".",8.00,81.00
2010,"Cluster 11",11,"01JAN2010","31DEC2010",".",".",".",".",".",".",".",".",".",7.00,102.00
2011,"Cluster 11",11,"01JAN2011","31DEC2011",".",".",".",".",".",".",".",".",".",14.50,120.00
2012,"Cluster 11",11,"01JAN2012","31DEC2012",".",".",".",".",".",".",".",".",".",12.00,116.50
2013,"Cluster 11",11,"01JAN2013","31DEC2013",".",".",".",".",".",".",".",".",".",9.50,133.00
2014,"Cluster 11",11,"01JAN2014","31DEC2014",".",".",".",".",".",".",".",".",".",12.00,131.50
2015,"Cluster 11",11,"01JAN2015","31DEC2015",".",".",".",".",".",".",".",".",".",8.00,164.50
2000,"Cluster 12",12,"01JAN2000","31DEC2000",".",".",".",".",".",".",".",".",".",2.13,29.01
2001,"Cluster 12",12,"01JAN2001","31DEC2001",".",".",".",".",".",".",".",".",".",8.13,31.76
2002,"Cluster 12",12,"01JAN2002","31DEC2002",".",".",".",".",".",".",".",".",".",10.25,37.76
2003,"Cluster 12",12,"01JAN2003","31DEC2003",".",".",".",".",".",".",".",".",".",5.26,36.20
2004,"Cluster 12",12,"01JAN2004","31DEC2004",".",".",".",".",".",".",".",".",".",5.51,41.02
2005,"Cluster 12",12,"01JAN2005","31DEC2005",".",".",".",".",".",".",".",".",".",3.51,35.46
2006,"Cluster 12",12,"01JAN2006","31DEC2006",".",".",".",".",".",".",".",".",".",6.00,49.77
2007,"Cluster 12",12,"01JAN2007","31DEC2007",".",".",".",".",".",".",".",".",".",13.00,48.70
2008,"Cluster 12",12,"01JAN2008","31DEC2008",".",".",".",".",".",".",".",".",".",8.50,46.58
2009,"Cluster 12",12,"01JAN2009","31DEC2009",".",".",".",".",".",".",".",".",".",10.50,67.34
2010,"Cluster 12",12,"01JAN2010","31DEC2010",".",".",".",".",".",".",".",".",".",12.25,79.35
2011,"Cluster 12",12,"01JAN2011","31DEC2011",".",".",".",".",".",".",".",".",".",16.25,97.78
2012,"Cluster 12",12,"01JAN2012","31DEC2012",".",".",".",".",".",".",".",".",".",17.75,104.28
2013,"Cluster 12",12,"01JAN2013","31DEC2013",".",".",".",".",".",".",".",".",".",14.75,110.66
2014,"Cluster 12",12,"01JAN2014","31DEC2014",".",".",".",".",".",".",".",".",".",13.75,109.98
2015,"Cluster 12",12,"01JAN2015","31DEC2015",".",".",".",".",".",".",".",".",".",11.50,120.80
2000,"Cluster 13",13,"01JAN2000","31DEC2000",".",".",".",".",".",".",".",".",".",11.00,21.00
2001,"Cluster 13",13,"01JAN2001","31DEC2001",".",".",".",".",".",".",".",".",".",6.00,18.50
2002,"Cluster 13",13,"01JAN2002","31DEC2002",".",".",".",".",".",".",".",".",".",5.50,16.00
2003,"Cluster 13",13,"01JAN2003","31DEC2003",".",".",".",".",".",".",".",".",".",3.00,20.50
2004,"Cluster 13",13,"01JAN2004","31DEC2004",".",".",".",".",".",".",".",".",".",5.00,23.50
2005,"Cluster 13",13,"01JAN2005","31DEC2005",".",".",".",".",".",".",".",".",".",8.50,26.00
2006,"Cluster 13",13,"01JAN2006","31DEC2006",".",".",".",".",".",".",".",".",".",0.00,16.50
2007,"Cluster 13",13,"01JAN2007","31DEC2007",".",".",".",".",".",".",".",".",".",0.00,15.50
2008,"Cluster 13",13,"01JAN2008","31DEC2008",".",".",".",".",".",".",".",".",".",0.00,16.50
2009,"Cluster 13",13,"01JAN2009","31DEC2009",".",".",".",".",".",".",".",".",".",0.00,23.00
2010,"Cluster 13",13,"01JAN2010","31DEC2010",".",".",".",".",".",".",".",".",".",2.00,25.00
2011,"Cluster 13",13,"01JAN2011","31DEC2011",".",".",".",".",".",".",".",".",".",10.00,51.50
2012,"Cluster 13",13,"01JAN2012","31DEC2012",".",".",".",".",".",".",".",".",".",16.50,91.00
2013,"Cluster 13",13,"01JAN2013","31DEC2013",".",".",".",".",".",".",".",".",".",18.00,93.50
2014,"Cluster 13",13,"01JAN2014","31DEC2014",".",".",".",".",".",".",".",".",".",8.50,89.00
2015,"Cluster 13",13,"01JAN2015","31DEC2015",".",".",".",".",".",".",".",".",".",7.00,95.00
2000,"Cluster 14",14,"01JAN2000","31DEC2000",".",".",".",".",".",".",".",".",".",15.00,51.00
2001,"Cluster 14",14,"01JAN2001","31DEC2001",".",".",".",".",".",".",".",".",".",14.00,37.50
2002,"Cluster 14",14,"01JAN2002","31DEC2002",".",".",".",".",".",".",".",".",".",11.50,40.50
2003,"Cluster 14",14,"01JAN2003","31DEC2003",".",".",".",".",".",".",".",".",".",11.50,39.50
2004,"Cluster 14",14,"01JAN2004","31DEC2004",".",".",".",".",".",".",".",".",".",18.00,53.00
2005,"Cluster 14",14,"01JAN2005","31DEC2005",".",".",".",".",".",".",".",".",".",6.00,44.00
2006,"Cluster 14",14,"01JAN2006","31DEC2006",".",".",".",".",".",".",".",".",".",11.50,48.50
2007,"Cluster 14",14,"01JAN2007","31DEC2007",".",".",".",".",".",".",".",".",".",12.00,40.00
2008,"Cluster 14",14,"01JAN2008","31DEC2008",".",".",".",".",".",".",".",".",".",11.50,44.50
2009,"Cluster 14",14,"01JAN2009","31DEC2009",".",".",".",".",".",".",".",".",".",13.50,76.00
2010,"Cluster 14",14,"01JAN2010","31DEC2010",".",".",".",".",".",".",".",".",".",8.00,93.50
2011,"Cluster 14",14,"01JAN2011","31DEC2011",".",".",".",".",".",".",".",".",".",9.00,108.50
2012,"Cluster 14",14,"01JAN2012","31DEC2012",".",".",".",".",".",".",".",".",".",10.50,127.50
2013,"Cluster 14",14,"01JAN2013","31DEC2013",".",".",".",".",".",".",".",".",".",12.50,133.50
2014,"Cluster 14",14,"01JAN2014","31DEC2014",".",".",".",".",".",".",".",".",".",6.00,131.00
2015,"Cluster 14",14,"01JAN2015","31DEC2015",".",".",".",".",".",".",".",".",".",8.00,142.00
2000,"Cluster 15",15,"01JAN2000","31DEC2000",".",".",".",".",".",".",".",".",".",5.87,40.99
2001,"Cluster 15",15,"01JAN2001","31DEC2001",".",".",".",".",".",".",".",".",".",8.87,36.24
2002,"Cluster 15",15,"01JAN2002","31DEC2002",".",".",".",".",".",".",".",".",".",10.75,39.24
2003,"Cluster 15",15,"01JAN2003","31DEC2003",".",".",".",".",".",".",".",".",".",13.24,34.80
2004,"Cluster 15",15,"01JAN2004","31DEC2004",".",".",".",".",".",".",".",".",".",8.49,43.48
2005,"Cluster 15",15,"01JAN2005","31DEC2005",".",".",".",".",".",".",".",".",".",7.49,45.54
2006,"Cluster 15",15,"01JAN2006","31DEC2006",".",".",".",".",".",".",".",".",".",8.00,43.23
2007,"Cluster 15",15,"01JAN2007","31DEC2007",".",".",".",".",".",".",".",".",".",5.00,42.30
2008,"Cluster 15",15,"01JAN2008","31DEC2008",".",".",".",".",".",".",".",".",".",2.00,34.92
2009,"Cluster 15",15,"01JAN2009","31DEC2009",".",".",".",".",".",".",".",".",".",3.00,38.16
2010,"Cluster 15",15,"01JAN2010","31DEC2010",".",".",".",".",".",".",".",".",".",7.25,48.65
2011,"Cluster 15",15,"01JAN2011","31DEC2011",".",".",".",".",".",".",".",".",".",5.75,60.22
2012,"Cluster 15",15,"01JAN2012","31DEC2012",".",".",".",".",".",".",".",".",".",4.75,58.72
2013,"Cluster 15",15,"01JAN2013","31DEC2013",".",".",".",".",".",".",".",".",".",8.75,71.84
2014,"Cluster 15",15,"01JAN2014","31DEC2014",".",".",".",".",".",".",".",".",".",8.75,77.02
2015,"Cluster 15",15,"01JAN2015","31DEC2015",".",".",".",".",".",".",".",".",".",3.00,81.20
2000,"Cluster 16",16,"01JAN2000","31DEC2000",".",".",".",".",".",".",".",".",".",29.00,63.00
2001,"Cluster 16",16,"01JAN2001","31DEC2001",".",".",".",".",".",".",".",".",".",27.00,58.00
2002,"Cluster 16",16,"01JAN2002","31DEC2002",".",".",".",".",".",".",".",".",".",31.00,63.50
2003,"Cluster 16",16,"01JAN2003","31DEC2003",".",".",".",".",".",".",".",".",".",33.50,72.50
2004,"Cluster 16",16,"01JAN2004","31DEC2004",".",".",".",".",".",".",".",".",".",36.00,78.00
2005,"Cluster 16",16,"01JAN2005","31DEC2005",".",".",".",".",".",".",".",".",".",53.50,94.00
2006,"Cluster 16",16,"01JAN2006","31DEC2006",".",".",".",".",".",".",".",".",".",33.00,93.00
2007,"Cluster 16",16,"01JAN2007","31DEC2007",".",".",".",".",".",".",".",".",".",36.50,102.00
2008,"Cluster 16",16,"01JAN2008","31DEC2008",".",".",".",".",".",".",".",".",".",36.50,103.00
2009,"Cluster 16",16,"01JAN2009","31DEC2009",".",".",".",".",".",".",".",".",".",42.00,154.00
2010,"Cluster 16",16,"01JAN2010","31DEC2010",".",".",".",".",".",".",".",".",".",44.00,180.50
2011,"Cluster 16",16,"01JAN2011","31DEC2011",".",".",".",".",".",".",".",".",".",56.00,203.50
2012,"Cluster 16",16,"01JAN2012","31DEC2012",".",".",".",".",".",".",".",".",".",50.50,209.00
2013,"Cluster 16",16,"01JAN2013","31DEC2013",".",".",".",".",".",".",".",".",".",56.00,203.00
2014,"Cluster 16",16,"01JAN2014","31DEC2014",".",".",".",".",".",".",".",".",".",64.50,198.00
2015,"Cluster 16",16,"01JAN2015","31DEC2015",".",".",".",".",".",".",".",".",".",59.50,216.00
2000,"Cluster 17",17,"01JAN2000","31DEC2000",".",".",".",".",".",".",".",".",".",652.00,1270.00
2001,"Cluster 17",17,"01JAN2001","31DEC2001",".",".",".",".",".",".",".",".",".",646.00,1228.00
2002,"Cluster 17",17,"01JAN2002","31DEC2002",".",".",".",".",".",".",".",".",".",645.50,1176.00
2003,"Cluster 17",17,"01JAN2003","31DEC2003",".",".",".",".",".",".",".",".",".",655.50,1335.00
2004,"Cluster 17",17,"01JAN2004","31DEC2004",".",".",".",".",".",".",".",".",".",695.50,1527.50
2005,"Cluster 17",17,"01JAN2005","31DEC2005",".",".",".",".",".",".",".",".",".",691.00,1625.50
2006,"Cluster 17",17,"01JAN2006","31DEC2006",".",".",".",".",".",".",".",".",".",736.50,1765.50
2007,"Cluster 17",17,"01JAN2007","31DEC2007",".",".",".",".",".",".",".",".",".",696.00,1771.50
2008,"Cluster 17",17,"01JAN2008","31DEC2008",".",".",".",".",".",".",".",".",".",746.00,1932.00
2009,"Cluster 17",17,"01JAN2009","31DEC2009",".",".",".",".",".",".",".",".",".",838.00,2448.00
2010,"Cluster 17",17,"01JAN2010","31DEC2010",".",".",".",".",".",".",".",".",".",946.50,3091.50
2011,"Cluster 17",17,"01JAN2011","31DEC2011",".",".",".",".",".",".",".",".",".",1024.50,3801.00
2012,"Cluster 17",17,"01JAN2012","31DEC2012",".",".",".",".",".",".",".",".",".",1131.00,4229.50
2013,"Cluster 17",17,"01JAN2013","31DEC2013",".",".",".",".",".",".",".",".",".",1031.50,4252.00
2014,"Cluster 17",17,"01JAN2014","31DEC2014",".",".",".",".",".",".",".",".",".",1014.50,4042.00
2015,"Cluster 17",17,"01JAN2015","31DEC2015",".",".",".",".",".",".",".",".",".",1008.00,4179.00
2000,"Cluster 18",18,"01JAN2000","31DEC2000",".",".",".",".",".",".",".",".",".",2365.00,4398.00
2001,"Cluster 18",18,"01JAN2001","31DEC2001",".",".",".",".",".",".",".",".",".",2255.50,4001.00
2002,"Cluster 18",18,"01JAN2002","31DEC2002",".",".",".",".",".",".",".",".",".",2331.00,3950.50
2003,"Cluster 18",18,"01JAN2003","31DEC2003",".",".",".",".",".",".",".",".",".",2316.00,4393.50
2004,"Cluster 18",18,"01JAN2004","31DEC2004",".",".",".",".",".",".",".",".",".",2402.50,4700.50
2005,"Cluster 18",18,"01JAN2005","31DEC2005",".",".",".",".",".",".",".",".",".",2433.50,4959.50
2006,"Cluster 18",18,"01JAN2006","31DEC2006",".",".",".",".",".",".",".",".",".",2344.50,5110.00
2007,"Cluster 18",18,"01JAN2007","31DEC2007",".",".",".",".",".",".",".",".",".",2116.50,5085.50
2008,"Cluster 18",18,"01JAN2008","31DEC2008",".",".",".",".",".",".",".",".",".",2175.50,5414.50
2009,"Cluster 18",18,"01JAN2009","31DEC2009",".",".",".",".",".",".",".",".",".",2492.50,6974.50
2010,"Cluster 18",18,"01JAN2010","31DEC2010",".",".",".",".",".",".",".",".",".",2747.50,8631.50
2011,"Cluster 18",18,"01JAN2011","31DEC2011",".",".",".",".",".",".",".",".",".",2881.50,10024.00
2012,"Cluster 18",18,"01JAN2012","31DEC2012",".",".",".",".",".",".",".",".",".",3071.00,10777.00
2013,"Cluster 18",18,"01JAN2013","31DEC2013",".",".",".",".",".",".",".",".",".",2927.00,10870.50
2014,"Cluster 18",18,"01JAN2014","31DEC2014",".",".",".",".",".",".",".",".",".",2510.50,9900.00
2015,"Cluster 18",18,"01JAN2015","31DEC2015",".",".",".",".",".",".",".",".",".",2307.50,10010.50
2000,"Cluster 19",19,"01JAN2000","31DEC2000",".",".",".",".",".",".",".",".",".",470.00,865.00
2001,"Cluster 19",19,"01JAN2001","31DEC2001",".",".",".",".",".",".",".",".",".",469.50,771.50
2002,"Cluster 19",19,"01JAN2002","31DEC2002",".",".",".",".",".",".",".",".",".",506.00,816.00
2003,"Cluster 19",19,"01JAN2003","31DEC2003",".",".",".",".",".",".",".",".",".",551.00,947.00
2004,"Cluster 19",19,"01JAN2004","31DEC2004",".",".",".",".",".",".",".",".",".",603.00,1116.00
2005,"Cluster 19",19,"01JAN2005","31DEC2005",".",".",".",".",".",".",".",".",".",578.00,1194.00
2006,"Cluster 19",19,"01JAN2006","31DEC2006",".",".",".",".",".",".",".",".",".",495.50,1133.00
2007,"Cluster 19",19,"01JAN2007","31DEC2007",".",".",".",".",".",".",".",".",".",513.00,1181.00
2008,"Cluster 19",19,"01JAN2008","31DEC2008",".",".",".",".",".",".",".",".",".",586.00,1403.50
2009,"Cluster 19",19,"01JAN2009","31DEC2009",".",".",".",".",".",".",".",".",".",638.00,1667.00
2010,"Cluster 19",19,"01JAN2010","31DEC2010",".",".",".",".",".",".",".",".",".",660.50,2024.50
2011,"Cluster 19",19,"01JAN2011","31DEC2011",".",".",".",".",".",".",".",".",".",745.50,2544.00
2012,"Cluster 19",19,"01JAN2012","31DEC2012",".",".",".",".",".",".",".",".",".",745.00,2706.50
2013,"Cluster 19",19,"01JAN2013","31DEC2013",".",".",".",".",".",".",".",".",".",700.00,2766.50
2014,"Cluster 19",19,"01JAN2014","31DEC2014",".",".",".",".",".",".",".",".",".",709.00,2636.50
2015,"Cluster 19",19,"01JAN2015","31DEC2015",".",".",".",".",".",".",".",".",".",680.50,2843.00
2000,"Cluster 20",20,"01JAN2000","31DEC2000",".",".",".",".",".",".",".",".",".",284.00,418.00
2001,"Cluster 20",20,"01JAN2001","31DEC2001",".",".",".",".",".",".",".",".",".",278.50,409.00
2002,"Cluster 20",20,"01JAN2002","31DEC2002",".",".",".",".",".",".",".",".",".",266.50,402.50
2003,"Cluster 20",20,"01JAN2003","31DEC2003",".",".",".",".",".",".",".",".",".",272.50,484.00
2004,"Cluster 20",20,"01JAN2004","31DEC2004",".",".",".",".",".",".",".",".",".",275.00,581.00
2005,"Cluster 20",20,"01JAN2005","31DEC2005",".",".",".",".",".",".",".",".",".",313.00,616.50
2006,"Cluster 20",20,"01JAN2006","31DEC2006",".",".",".",".",".",".",".",".",".",304.50,638.00
2007,"Cluster 20",20,"01JAN2007","31DEC2007",".",".",".",".",".",".",".",".",".",285.50,681.00
2008,"Cluster 20",20,"01JAN2008","31DEC2008",".",".",".",".",".",".",".",".",".",336.00,758.00
2009,"Cluster 20",20,"01JAN2009","31DEC2009",".",".",".",".",".",".",".",".",".",332.00,923.00
2010,"Cluster 20",20,"01JAN2010","31DEC2010",".",".",".",".",".",".",".",".",".",387.50,1067.50
2011,"Cluster 20",20,"01JAN2011","31DEC2011",".",".",".",".",".",".",".",".",".",428.00,1319.00
2012,"Cluster 20",20,"01JAN2012","31DEC2012",".",".",".",".",".",".",".",".",".",414.00,1384.00
2013,"Cluster 20",20,"01JAN2013","31DEC2013",".",".",".",".",".",".",".",".",".",379.00,1314.00
2014,"Cluster 20",20,"01JAN2014","31DEC2014",".",".",".",".",".",".",".",".",".",371.00,1269.00
2015,"Cluster 20",20,"01JAN2015","31DEC2015",".",".",".",".",".",".",".",".",".",350.50,1241.50
2000,"Cluster 21",21,"01JAN2000","31DEC2000",".",".",".",".",".",".",".",".",".",1989.00,3464.00
2001,"Cluster 21",21,"01JAN2001","31DEC2001",".",".",".",".",".",".",".",".",".",1802.00,3297.50
2002,"Cluster 21",21,"01JAN2002","31DEC2002",".",".",".",".",".",".",".",".",".",1799.50,3280.50
2003,"Cluster 21",21,"01JAN2003","31DEC2003",".",".",".",".",".",".",".",".",".",1745.00,3599.50
2004,"Cluster 21",21,"01JAN2004","31DEC2004",".",".",".",".",".",".",".",".",".",1876.50,3913.00
2005,"Cluster 21",21,"01JAN2005","31DEC2005",".",".",".",".",".",".",".",".",".",1808.50,3907.50
2006,"Cluster 21",21,"01JAN2006","31DEC2006",".",".",".",".",".",".",".",".",".",1621.50,3570.50
2007,"Cluster 21",21,"01JAN2007","31DEC2007",".",".",".",".",".",".",".",".",".",1467.50,3441.00
2008,"Cluster 21",21,"01JAN2008","31DEC2008",".",".",".",".",".",".",".",".",".",1466.50,3519.50
2009,"Cluster 21",21,"01JAN2009","31DEC2009",".",".",".",".",".",".",".",".",".",1532.50,4039.50
2010,"Cluster 21",21,"01JAN2010","31DEC2010",".",".",".",".",".",".",".",".",".",1508.50,4425.00
2011,"Cluster 21",21,"01JAN2011","31DEC2011",".",".",".",".",".",".",".",".",".",1598.00,5080.00
2012,"Cluster 21",21,"01JAN2012","31DEC2012",".",".",".",".",".",".",".",".",".",1491.50,5040.00
2013,"Cluster 21",21,"01JAN2013","31DEC2013",".",".",".",".",".",".",".",".",".",1381.50,4949.50
2014,"Cluster 21",21,"01JAN2014","31DEC2014",".",".",".",".",".",".",".",".",".",1285.00,4555.00
2015,"Cluster 21",21,"01JAN2015","31DEC2015",".",".",".",".",".",".",".",".",".",1156.50,4336.50
2000,"Cluster 22",22,"01JAN2000","31DEC2000",".",".",".",".",".",".",".",".",".",825.00,1262.00
2001,"Cluster 22",22,"01JAN2001","31DEC2001",".",".",".",".",".",".",".",".",".",902.00,1338.00
2002,"Cluster 22",22,"01JAN2002","31DEC2002",".",".",".",".",".",".",".",".",".",970.00,1475.50
2003,"Cluster 22",22,"01JAN2003","31DEC2003",".",".",".",".",".",".",".",".",".",975.00,1687.50
2004,"Cluster 22",22,"01JAN2004","31DEC2004",".",".",".",".",".",".",".",".",".",1097.50,1873.00
2005,"Cluster 22",22,"01JAN2005","31DEC2005",".",".",".",".",".",".",".",".",".",1195.00,2029.00
2006,"Cluster 22",22,"01JAN2006","31DEC2006",".",".",".",".",".",".",".",".",".",1149.50,2021.00
2007,"Cluster 22",22,"01JAN2007","31DEC2007",".",".",".",".",".",".",".",".",".",1027.00,1942.50
2008,"Cluster 22",22,"01JAN2008","31DEC2008",".",".",".",".",".",".",".",".",".",969.50,2026.00
2009,"Cluster 22",22,"01JAN2009","31DEC2009",".",".",".",".",".",".",".",".",".",1041.50,2302.00
2010,"Cluster 22",22,"01JAN2010","31DEC2010",".",".",".",".",".",".",".",".",".",1041.50,2494.00
2011,"Cluster 22",22,"01JAN2011","31DEC2011",".",".",".",".",".",".",".",".",".",1052.00,2802.50
2012,"Cluster 22",22,"01JAN2012","31DEC2012",".",".",".",".",".",".",".",".",".",1139.00,3113.00
2013,"Cluster 22",22,"01JAN2013","31DEC2013",".",".",".",".",".",".",".",".",".",1118.50,3165.50
2014,"Cluster 22",22,"01JAN2014","31DEC2014",".",".",".",".",".",".",".",".",".",1121.00,2998.00
2015,"Cluster 22",22,"01JAN2015","31DEC2015",".",".",".",".",".",".",".",".",".",1048.50,2951.00
2000,"Cluster 23",23,"01JAN2000","31DEC2000",".",".",".",".",".",".",".",".",".",2132.00,3496.00
2001,"Cluster 23",23,"01JAN2001","31DEC2001",".",".",".",".",".",".",".",".",".",2116.00,3559.00
2002,"Cluster 23",23,"01JAN2002","31DEC2002",".",".",".",".",".",".",".",".",".",2178.00,3715.50
2003,"Cluster 23",23,"01JAN2003","31DEC2003",".",".",".",".",".",".",".",".",".",2360.00,4335.00
2004,"Cluster 23",23,"01JAN2004","31DEC2004",".",".",".",".",".",".",".",".",".",2798.00,5086.50
2005,"Cluster 23",23,"01JAN2005","31DEC2005",".",".",".",".",".",".",".",".",".",2659.50,5236.00
2006,"Cluster 23",23,"01JAN2006","31DEC2006",".",".",".",".",".",".",".",".",".",2500.00,4981.50
2007,"Cluster 23",23,"01JAN2007","31DEC2007",".",".",".",".",".",".",".",".",".",2223.50,4823.50
2008,"Cluster 23",23,"01JAN2008","31DEC2008",".",".",".",".",".",".",".",".",".",2348.00,5267.50
2009,"Cluster 23",23,"01JAN2009","31DEC2009",".",".",".",".",".",".",".",".",".",2365.50,5964.00
2010,"Cluster 23",23,"01JAN2010","31DEC2010",".",".",".",".",".",".",".",".",".",2216.00,6460.00
2011,"Cluster 23",23,"01JAN2011","31DEC2011",".",".",".",".",".",".",".",".",".",2293.00,7015.50
2012,"Cluster 23",23,"01JAN2012","31DEC2012",".",".",".",".",".",".",".",".",".",2311.50,7184.50
2013,"Cluster 23",23,"01JAN2013","31DEC2013",".",".",".",".",".",".",".",".",".",2251.50,7260.00
2014,"Cluster 23",23,"01JAN2014","31DEC2014",".",".",".",".",".",".",".",".",".",2097.50,6672.50
2015,"Cluster 23",23,"01JAN2015","31DEC2015",".",".",".",".",".",".",".",".",".",1962.00,6306.50
2000,"Cluster 24",24,"01JAN2000","31DEC2000",".",".",".",".",".",".",".",".",".",501.00,1095.00
2001,"Cluster 24",24,"01JAN2001","31DEC2001",".",".",".",".",".",".",".",".",".",484.00,960.00
2002,"Cluster 24",24,"01JAN2002","31DEC2002",".",".",".",".",".",".",".",".",".",557.00,1030.50
2003,"Cluster 24",24,"01JAN2003","31DEC2003",".",".",".",".",".",".",".",".",".",561.50,1214.50
2004,"Cluster 24",24,"01JAN2004","31DEC2004",".",".",".",".",".",".",".",".",".",654.50,1386.50
2005,"Cluster 24",24,"01JAN2005","31DEC2005",".",".",".",".",".",".",".",".",".",655.50,1452.00
2006,"Cluster 24",24,"01JAN2006","31DEC2006",".",".",".",".",".",".",".",".",".",607.50,1402.00
2007,"Cluster 24",24,"01JAN2007","31DEC2007",".",".",".",".",".",".",".",".",".",546.50,1369.50
2008,"Cluster 24",24,"01JAN2008","31DEC2008",".",".",".",".",".",".",".",".",".",554.50,1558.00
2009,"Cluster 24",24,"01JAN2009","31DEC2009",".",".",".",".",".",".",".",".",".",569.50,1899.50
2010,"Cluster 24",24,"01JAN2010","31DEC2010",".",".",".",".",".",".",".",".",".",632.00,2133.50
2011,"Cluster 24",24,"01JAN2011","31DEC2011",".",".",".",".",".",".",".",".",".",694.50,2603.00
2012,"Cluster 24",24,"01JAN2012","31DEC2012",".",".",".",".",".",".",".",".",".",710.00,2785.50
2013,"Cluster 24",24,"01JAN2013","31DEC2013",".",".",".",".",".",".",".",".",".",703.50,2801.00
2014,"Cluster 24",24,"01JAN2014","31DEC2014",".",".",".",".",".",".",".",".",".",665.00,2647.00
2015,"Cluster 24",24,"01JAN2015","31DEC2015",".",".",".",".",".",".",".",".",".",670.00,2705.00
2000,"Cluster 25",25,"01JAN2000","31DEC2000",".",".",".",".",".",".",".",".",".",2159.00,4306.00
2001,"Cluster 25",25,"01JAN2001","31DEC2001",".",".",".",".",".",".",".",".",".",2147.50,4085.50
2002,"Cluster 25",25,"01JAN2002","31DEC2002",".",".",".",".",".",".",".",".",".",2181.50,4608.50
2003,"Cluster 25",25,"01JAN2003","31DEC2003",".",".",".",".",".",".",".",".",".",2267.50,5557.50
2004,"Cluster 25",25,"01JAN2004","31DEC2004",".",".",".",".",".",".",".",".",".",2290.50,6324.00
2005,"Cluster 25",25,"01JAN2005","31DEC2005",".",".",".",".",".",".",".",".",".",2208.50,6399.50
2006,"Cluster 25",25,"01JAN2006","31DEC2006",".",".",".",".",".",".",".",".",".",1959.00,5889.00
2007,"Cluster 25",25,"01JAN2007","31DEC2007",".",".",".",".",".",".",".",".",".",1668.00,5736.00
2008,"Cluster 25",25,"01JAN2008","31DEC2008",".",".",".",".",".",".",".",".",".",1525.00,6024.00
2009,"Cluster 25",25,"01JAN2009","31DEC2009",".",".",".",".",".",".",".",".",".",1617.00,6906.50
2010,"Cluster 25",25,"01JAN2010","31DEC2010",".",".",".",".",".",".",".",".",".",1656.00,7523.50
2011,"Cluster 25",25,"01JAN2011","31DEC2011",".",".",".",".",".",".",".",".",".",1679.00,7914.50
2012,"Cluster 25",25,"01JAN2012","31DEC2012",".",".",".",".",".",".",".",".",".",1631.50,7853.00
2013,"Cluster 25",25,"01JAN2013","31DEC2013",".",".",".",".",".",".",".",".",".",1490.00,7659.50
2014,"Cluster 25",25,"01JAN2014","31DEC2014",".",".",".",".",".",".",".",".",".",1471.00,6982.00
2015,"Cluster 25",25,"01JAN2015","31DEC2015",".",".",".",".",".",".",".",".",".",1301.50,6634.00
2000,"Cluster 26",26,"01JAN2000","31DEC2000",".",".",".",".",".",".",".",".",".",484.00,1324.00
2001,"Cluster 26",26,"01JAN2001","31DEC2001",".",".",".",".",".",".",".",".",".",522.00,1089.50
2002,"Cluster 26",26,"01JAN2002","31DEC2002",".",".",".",".",".",".",".",".",".",471.50,955.50
2003,"Cluster 26",26,"01JAN2003","31DEC2003",".",".",".",".",".",".",".",".",".",447.00,899.00
2004,"Cluster 26",26,"01JAN2004","31DEC2004",".",".",".",".",".",".",".",".",".",492.00,936.00
2005,"Cluster 26",26,"01JAN2005","31DEC2005",".",".",".",".",".",".",".",".",".",467.00,910.00
2006,"Cluster 26",26,"01JAN2006","31DEC2006",".",".",".",".",".",".",".",".",".",376.00,903.00
2007,"Cluster 26",26,"01JAN2007","31DEC2007",".",".",".",".",".",".",".",".",".",352.00,930.50
2008,"Cluster 26",26,"01JAN2008","31DEC2008",".",".",".",".",".",".",".",".",".",368.00,1034.00
2009,"Cluster 26",26,"01JAN2009","31DEC2009",".",".",".",".",".",".",".",".",".",405.00,1146.00
2010,"Cluster 26",26,"01JAN2010","31DEC2010",".",".",".",".",".",".",".",".",".",444.50,1295.50
2011,"Cluster 26",26,"01JAN2011","31DEC2011",".",".",".",".",".",".",".",".",".",419.50,1384.50
2012,"Cluster 26",26,"01JAN2012","31DEC2012",".",".",".",".",".",".",".",".",".",470.50,1368.50
2013,"Cluster 26",26,"01JAN2013","31DEC2013",".",".",".",".",".",".",".",".",".",675.00,1626.50
2014,"Cluster 26",26,"01JAN2014","31DEC2014",".",".",".",".",".",".",".",".",".",645.50,1515.50
2015,"Cluster 26",26,"01JAN2015","31DEC2015",".",".",".",".",".",".",".",".",".",577.00,1394.50
2000,"Cluster 27",27,"01JAN2000","31DEC2000",".",".",".",".",".",".",".",".",".",1142.00,2003.00
2001,"Cluster 27",27,"01JAN2001","31DEC2001",".",".",".",".",".",".",".",".",".",1143.50,1881.50
2002,"Cluster 27",27,"01JAN2002","31DEC2002",".",".",".",".",".",".",".",".",".",1002.00,1773.50
2003,"Cluster 27",27,"01JAN2003","31DEC2003",".",".",".",".",".",".",".",".",".",995.50,1808.00
2004,"Cluster 27",27,"01JAN2004","31DEC2004",".",".",".",".",".",".",".",".",".",891.50,1552.50
2005,"Cluster 27",27,"01JAN2005","31DEC2005",".",".",".",".",".",".",".",".",".",723.50,1199.50
2006,"Cluster 27",27,"01JAN2006","31DEC2006",".",".",".",".",".",".",".",".",".",609.00,1114.50
2007,"Cluster 27",27,"01JAN2007","31DEC2007",".",".",".",".",".",".",".",".",".",553.50,1034.00
2008,"Cluster 27",27,"01JAN2008","31DEC2008",".",".",".",".",".",".",".",".",".",528.50,1071.50
2009,"Cluster 27",27,"01JAN2009","31DEC2009",".",".",".",".",".",".",".",".",".",507.00,1101.00
2010,"Cluster 27",27,"01JAN2010","31DEC2010",".",".",".",".",".",".",".",".",".",500.00,1211.00
2011,"Cluster 27",27,"01JAN2011","31DEC2011",".",".",".",".",".",".",".",".",".",522.00,1406.50
2012,"Cluster 27",27,"01JAN2012","31DEC2012",".",".",".",".",".",".",".",".",".",534.00,1482.50
2013,"Cluster 27",27,"01JAN2013","31DEC2013",".",".",".",".",".",".",".",".",".",532.00,1592.50
2014,"Cluster 27",27,"01JAN2014","31DEC2014",".",".",".",".",".",".",".",".",".",529.00,1527.50
2015,"Cluster 27",27,"01JAN2015","31DEC2015",".",".",".",".",".",".",".",".",".",465.00,1473.00
2000,"Cluster 28",28,"01JAN2000","31DEC2000",".",".",".",".",".",".",".",".",".",1370.00,2050.00
2001,"Cluster 28",28,"01JAN2001","31DEC2001",".",".",".",".",".",".",".",".",".",1374.00,1992.50
2002,"Cluster 28",28,"01JAN2002","31DEC2002",".",".",".",".",".",".",".",".",".",1485.00,2210.50
2003,"Cluster 28",28,"01JAN2003","31DEC2003",".",".",".",".",".",".",".",".",".",1684.50,2470.50
2004,"Cluster 28",28,"01JAN2004","31DEC2004",".",".",".",".",".",".",".",".",".",1839.50,2741.50
2005,"Cluster 28",28,"01JAN2005","31DEC2005",".",".",".",".",".",".",".",".",".",1752.50,2778.50
2006,"Cluster 28",28,"01JAN2006","31DEC2006",".",".",".",".",".",".",".",".",".",1677.00,2777.50
2007,"Cluster 28",28,"01JAN2007","31DEC2007",".",".",".",".",".",".",".",".",".",1510.50,2729.00
2008,"Cluster 28",28,"01JAN2008","31DEC2008",".",".",".",".",".",".",".",".",".",1511.00,2940.00
2009,"Cluster 28",28,"01JAN2009","31DEC2009",".",".",".",".",".",".",".",".",".",1582.00,3383.50
2010,"Cluster 28",28,"01JAN2010","31DEC2010",".",".",".",".",".",".",".",".",".",1572.50,3676.50
2011,"Cluster 28",28,"01JAN2011","31DEC2011",".",".",".",".",".",".",".",".",".",1543.00,4049.00
2012,"Cluster 28",28,"01JAN2012","31DEC2012",".",".",".",".",".",".",".",".",".",1643.00,4352.00
2013,"Cluster 28",28,"01JAN2013","31DEC2013",".",".",".",".",".",".",".",".",".",1615.00,4532.50
2014,"Cluster 28",28,"01JAN2014","31DEC2014",".",".",".",".",".",".",".",".",".",1657.50,4416.00
2015,"Cluster 28",28,"01JAN2015","31DEC2015",".",".",".",".",".",".",".",".",".",1644.50,4593.00
2000,"Cluster 29",29,"01JAN2000","31DEC2000",".",".",".",".",".",".",".",".",".",506.00,869.00
2001,"Cluster 29",29,"01JAN2001","31DEC2001",".",".",".",".",".",".",".",".",".",513.00,824.00
2002,"Cluster 29",29,"01JAN2002","31DEC2002",".",".",".",".",".",".",".",".",".",593.50,895.00
2003,"Cluster 29",29,"01JAN2003","31DEC2003",".",".",".",".",".",".",".",".",".",585.00,922.00
2004,"Cluster 29",29,"01JAN2004","31DEC2004",".",".",".",".",".",".",".",".",".",605.00,974.50
2005,"Cluster 29",29,"01JAN2005","31DEC2005",".",".",".",".",".",".",".",".",".",626.50,1086.00
2006,"Cluster 29",29,"01JAN2006","31DEC2006",".",".",".",".",".",".",".",".",".",617.00,1092.00
2007,"Cluster 29",29,"01JAN2007","31DEC2007",".",".",".",".",".",".",".",".",".",652.00,1041.00
2008,"Cluster 29",29,"01JAN2008","31DEC2008",".",".",".",".",".",".",".",".",".",643.50,1099.00
2009,"Cluster 29",29,"01JAN2009","31DEC2009",".",".",".",".",".",".",".",".",".",733.50,1302.50
2010,"Cluster 29",29,"01JAN2010","31DEC2010",".",".",".",".",".",".",".",".",".",758.00,1408.00
2011,"Cluster 29",29,"01JAN2011","31DEC2011",".",".",".",".",".",".",".",".",".",751.50,1557.00
2012,"Cluster 29",29,"01JAN2012","31DEC2012",".",".",".",".",".",".",".",".",".",770.50,1602.50
2013,"Cluster 29",29,"01JAN2013","31DEC2013",".",".",".",".",".",".",".",".",".",776.00,1646.00
2014,"Cluster 29",29,"01JAN2014","31DEC2014",".",".",".",".",".",".",".",".",".",714.50,1592.00
2015,"Cluster 29",29,"01JAN2015","31DEC2015",".",".",".",".",".",".",".",".",".",672.50,1590.00
2000,"Cluster 30",30,"01JAN2000","31DEC2000",".",".",".",".",".",".",".",".",".",975.39,1811.13
2001,"Cluster 30",30,"01JAN2001","31DEC2001",".",".",".",".",".",".",".",".",".",932.70,1650.08
2002,"Cluster 30",30,"01JAN2002","31DEC2002",".",".",".",".",".",".",".",".",".",958.03,1692.15
2003,"Cluster 30",30,"01JAN2003","31DEC2003",".",".",".",".",".",".",".",".",".",933.18,1738.73
2004,"Cluster 30",30,"01JAN2004","31DEC2004",".",".",".",".",".",".",".",".",".",965.86,1887.74
2005,"Cluster 30",30,"01JAN2005","31DEC2005",".",".",".",".",".",".",".",".",".",1012.76,2003.74
2006,"Cluster 30",30,"01JAN2006","31DEC2006",".",".",".",".",".",".",".",".",".",991.95,2083.47
2007,"Cluster 30",30,"01JAN2007","31DEC2007",".",".",".",".",".",".",".",".",".",1069.77,2103.75
2008,"Cluster 30",30,"01JAN2008","31DEC2008",".",".",".",".",".",".",".",".",".",1021.42,2073.89
2009,"Cluster 30",30,"01JAN2009","31DEC2009",".",".",".",".",".",".",".",".",".",1023.13,2240.51
2010,"Cluster 30",30,"01JAN2010","31DEC2010",".",".",".",".",".",".",".",".",".",1081.46,2539.31
2011,"Cluster 30",30,"01JAN2011","31DEC2011",".",".",".",".",".",".",".",".",".",1095.45,2798.89
2012,"Cluster 30",30,"01JAN2012","31DEC2012",".",".",".",".",".",".",".",".",".",1192.24,2947.24
2013,"Cluster 30",30,"01JAN2013","31DEC2013",".",".",".",".",".",".",".",".",".",1186.61,3115.21
2014,"Cluster 30",30,"01JAN2014","31DEC2014",".",".",".",".",".",".",".",".",".",1209.03,3189.36
2015,"Cluster 30",30,"01JAN2015","31DEC2015",".",".",".",".",".",".",".",".",".",1211.34,3325.75
2000,"Cluster 31",31,"01JAN2000","31DEC2000",".",".",".",".",".",".",".",".",".",2625.61,4413.87
2001,"Cluster 31",31,"01JAN2001","31DEC2001",".",".",".",".",".",".",".",".",".",2614.80,4242.92
2002,"Cluster 31",31,"01JAN2002","31DEC2002",".",".",".",".",".",".",".",".",".",2715.97,4281.85
2003,"Cluster 31",31,"01JAN2003","31DEC2003",".",".",".",".",".",".",".",".",".",2703.82,4501.77
2004,"Cluster 31",31,"01JAN2004","31DEC2004",".",".",".",".",".",".",".",".",".",2667.14,4591.26
2005,"Cluster 31",31,"01JAN2005","31DEC2005",".",".",".",".",".",".",".",".",".",2839.74,5010.26
2006,"Cluster 31",31,"01JAN2006","31DEC2006",".",".",".",".",".",".",".",".",".",2819.05,5178.53
2007,"Cluster 31",31,"01JAN2007","31DEC2007",".",".",".",".",".",".",".",".",".",2685.73,5025.25
2008,"Cluster 31",31,"01JAN2008","31DEC2008",".",".",".",".",".",".",".",".",".",2641.58,5147.61
2009,"Cluster 31",31,"01JAN2009","31DEC2009",".",".",".",".",".",".",".",".",".",2798.87,5822.49
2010,"Cluster 31",31,"01JAN2010","31DEC2010",".",".",".",".",".",".",".",".",".",2817.54,6232.19
2011,"Cluster 31",31,"01JAN2011","31DEC2011",".",".",".",".",".",".",".",".",".",2782.05,6752.61
2012,"Cluster 31",31,"01JAN2012","31DEC2012",".",".",".",".",".",".",".",".",".",2764.26,7035.26
2013,"Cluster 31",31,"01JAN2013","31DEC2013",".",".",".",".",".",".",".",".",".",2764.89,7304.79
2014,"Cluster 31",31,"01JAN2014","31DEC2014",".",".",".",".",".",".",".",".",".",2724.97,7206.64
2015,"Cluster 31",31,"01JAN2015","31DEC2015",".",".",".",".",".",".",".",".",".",2732.16,7344.75
2000,"Cluster 32",32,"01JAN2000","31DEC2000",".",".",".",".",".",".",".",".",".",1934.00,3028.00
2001,"Cluster 32",32,"01JAN2001","31DEC2001",".",".",".",".",".",".",".",".",".",2004.50,3066.00
2002,"Cluster 32",32,"01JAN2002","31DEC2002",".",".",".",".",".",".",".",".",".",2008.50,3089.00
2003,"Cluster 32",32,"01JAN2003","31DEC2003",".",".",".",".",".",".",".",".",".",1893.50,3318.50
2004,"Cluster 32",32,"01JAN2004","31DEC2004",".",".",".",".",".",".",".",".",".",2044.50,3647.00
2005,"Cluster 32",32,"01JAN2005","31DEC2005",".",".",".",".",".",".",".",".",".",2046.50,3745.00
2006,"Cluster 32",32,"01JAN2006","31DEC2006",".",".",".",".",".",".",".",".",".",1982.50,3916.00
2007,"Cluster 32",32,"01JAN2007","31DEC2007",".",".",".",".",".",".",".",".",".",1871.50,3831.00
2008,"Cluster 32",32,"01JAN2008","31DEC2008",".",".",".",".",".",".",".",".",".",1879.50,4110.50
2009,"Cluster 32",32,"01JAN2009","31DEC2009",".",".",".",".",".",".",".",".",".",2144.50,4900.50
2010,"Cluster 32",32,"01JAN2010","31DEC2010",".",".",".",".",".",".",".",".",".",2092.00,5276.00
2011,"Cluster 32",32,"01JAN2011","31DEC2011",".",".",".",".",".",".",".",".",".",2176.50,6040.00
2012,"Cluster 32",32,"01JAN2012","31DEC2012",".",".",".",".",".",".",".",".",".",2278.50,6451.00
2013,"Cluster 32",32,"01JAN2013","31DEC2013",".",".",".",".",".",".",".",".",".",2263.00,6689.00
2014,"Cluster 32",32,"01JAN2014","31DEC2014",".",".",".",".",".",".",".",".",".",2152.00,6421.50
2015,"Cluster 32",32,"01JAN2015","31DEC2015",".",".",".",".",".",".",".",".",".",2137.00,6424.50
2000,"Cluster 33",33,"01JAN2000","31DEC2000",".",".",".",".",".",".",".",".",".",2644.00,4209.00
2001,"Cluster 33",33,"01JAN2001","31DEC2001",".",".",".",".",".",".",".",".",".",2819.00,4218.50
2002,"Cluster 33",33,"01JAN2002","31DEC2002",".",".",".",".",".",".",".",".",".",2933.00,4382.00
2003,"Cluster 33",33,"01JAN2003","31DEC2003",".",".",".",".",".",".",".",".",".",2771.00,4570.50
2004,"Cluster 33",33,"01JAN2004","31DEC2004",".",".",".",".",".",".",".",".",".",2830.50,4671.00
2005,"Cluster 33",33,"01JAN2005","31DEC2005",".",".",".",".",".",".",".",".",".",2789.00,4844.50
2006,"Cluster 33",33,"01JAN2006","31DEC2006",".",".",".",".",".",".",".",".",".",2705.50,4881.50
2007,"Cluster 33",33,"01JAN2007","31DEC2007",".",".",".",".",".",".",".",".",".",2574.00,4758.50
2008,"Cluster 33",33,"01JAN2008","31DEC2008",".",".",".",".",".",".",".",".",".",2575.00,4835.50
2009,"Cluster 33",33,"01JAN2009","31DEC2009",".",".",".",".",".",".",".",".",".",2799.00,5712.00
2010,"Cluster 33",33,"01JAN2010","31DEC2010",".",".",".",".",".",".",".",".",".",2939.00,6716.50
2011,"Cluster 33",33,"01JAN2011","31DEC2011",".",".",".",".",".",".",".",".",".",3130.50,7481.00
2012,"Cluster 33",33,"01JAN2012","31DEC2012",".",".",".",".",".",".",".",".",".",3111.50,7856.00
2013,"Cluster 33",33,"01JAN2013","31DEC2013",".",".",".",".",".",".",".",".",".",3206.50,8376.50
2014,"Cluster 33",33,"01JAN2014","31DEC2014",".",".",".",".",".",".",".",".",".",3154.50,8048.50
2015,"Cluster 33",33,"01JAN2015","31DEC2015",".",".",".",".",".",".",".",".",".",2953.50,7829.50
2000,"Cluster 34",34,"01JAN2000","31DEC2000",".",".",".",".",".",".",".",".",".",1248.00,2143.00
2001,"Cluster 34",34,"01JAN2001","31DEC2001",".",".",".",".",".",".",".",".",".",1243.50,2057.00
2002,"Cluster 34",34,"01JAN2002","31DEC2002",".",".",".",".",".",".",".",".",".",1373.50,2312.50
2003,"Cluster 34",34,"01JAN2003","31DEC2003",".",".",".",".",".",".",".",".",".",1449.50,2673.50
2004,"Cluster 34",34,"01JAN2004","31DEC2004",".",".",".",".",".",".",".",".",".",1499.50,2767.50
2005,"Cluster 34",34,"01JAN2005","31DEC2005",".",".",".",".",".",".",".",".",".",1556.00,3096.50
2006,"Cluster 34",34,"01JAN2006","31DEC2006",".",".",".",".",".",".",".",".",".",1546.00,3280.50
2007,"Cluster 34",34,"01JAN2007","31DEC2007",".",".",".",".",".",".",".",".",".",1543.00,3417.00
2008,"Cluster 34",34,"01JAN2008","31DEC2008",".",".",".",".",".",".",".",".",".",1547.50,3654.00
2009,"Cluster 34",34,"01JAN2009","31DEC2009",".",".",".",".",".",".",".",".",".",1709.00,4255.50
2010,"Cluster 34",34,"01JAN2010","31DEC2010",".",".",".",".",".",".",".",".",".",1777.00,5007.00
2011,"Cluster 34",34,"01JAN2011","31DEC2011",".",".",".",".",".",".",".",".",".",1875.00,5817.50
2012,"Cluster 34",34,"01JAN2012","31DEC2012",".",".",".",".",".",".",".",".",".",2045.50,6329.00
2013,"Cluster 34",34,"01JAN2013","31DEC2013",".",".",".",".",".",".",".",".",".",2096.00,6583.00
2014,"Cluster 34",34,"01JAN2014","31DEC2014",".",".",".",".",".",".",".",".",".",2128.00,6396.00
2015,"Cluster 34",34,"01JAN2015","31DEC2015",".",".",".",".",".",".",".",".",".",2094.50,6459.50
2000,"Cluster 35",35,"01JAN2000","31DEC2000",".",".",".",".",".",".",".",".",".",440.00,812.00
2001,"Cluster 35",35,"01JAN2001","31DEC2001",".",".",".",".",".",".",".",".",".",474.00,799.50
2002,"Cluster 35",35,"01JAN2002","31DEC2002",".",".",".",".",".",".",".",".",".",510.50,882.00
2003,"Cluster 35",35,"01JAN2003","31DEC2003",".",".",".",".",".",".",".",".",".",454.50,940.00
2004,"Cluster 35",35,"01JAN2004","31DEC2004",".",".",".",".",".",".",".",".",".",476.50,1004.00
2005,"Cluster 35",35,"01JAN2005","31DEC2005",".",".",".",".",".",".",".",".",".",514.50,1091.50
2006,"Cluster 35",35,"01JAN2006","31DEC2006",".",".",".",".",".",".",".",".",".",506.50,1036.50
2007,"Cluster 35",35,"01JAN2007","31DEC2007",".",".",".",".",".",".",".",".",".",477.00,1002.00
2008,"Cluster 35",35,"01JAN2008","31DEC2008",".",".",".",".",".",".",".",".",".",476.00,1047.00
2009,"Cluster 35",35,"01JAN2009","31DEC2009",".",".",".",".",".",".",".",".",".",595.50,1430.00
2010,"Cluster 35",35,"01JAN2010","31DEC2010",".",".",".",".",".",".",".",".",".",638.00,1705.50
2011,"Cluster 35",35,"01JAN2011","31DEC2011",".",".",".",".",".",".",".",".",".",758.50,2098.00
2012,"Cluster 35",35,"01JAN2012","31DEC2012",".",".",".",".",".",".",".",".",".",770.00,2348.50
2013,"Cluster 35",35,"01JAN2013","31DEC2013",".",".",".",".",".",".",".",".",".",774.50,2461.50
2014,"Cluster 35",35,"01JAN2014","31DEC2014",".",".",".",".",".",".",".",".",".",827.50,2389.00
2015,"Cluster 35",35,"01JAN2015","31DEC2015",".",".",".",".",".",".",".",".",".",767.00,2353.00
2000,"Cluster 36",36,"01JAN2000","31DEC2000",".",".",".",".",".",".",".",".",".",1566.00,2468.00
2001,"Cluster 36",36,"01JAN2001","31DEC2001",".",".",".",".",".",".",".",".",".",1740.50,2400.50
2002,"Cluster 36",36,"01JAN2002","31DEC2002",".",".",".",".",".",".",".",".",".",1772.50,2422.50
2003,"Cluster 36",36,"01JAN2003","31DEC2003",".",".",".",".",".",".",".",".",".",1692.50,2630.50
2004,"Cluster 36",36,"01JAN2004","31DEC2004",".",".",".",".",".",".",".",".",".",1745.50,2831.00
2005,"Cluster 36",36,"01JAN2005","31DEC2005",".",".",".",".",".",".",".",".",".",1650.00,2750.50
2006,"Cluster 36",36,"01JAN2006","31DEC2006",".",".",".",".",".",".",".",".",".",1467.50,2638.50
2007,"Cluster 36",36,"01JAN2007","31DEC2007",".",".",".",".",".",".",".",".",".",1434.50,2581.00
2008,"Cluster 36",36,"01JAN2008","31DEC2008",".",".",".",".",".",".",".",".",".",1587.00,2767.00
2009,"Cluster 36",36,"01JAN2009","31DEC2009",".",".",".",".",".",".",".",".",".",1750.00,3155.00
2010,"Cluster 36",36,"01JAN2010","31DEC2010",".",".",".",".",".",".",".",".",".",1835.00,3556.50
2011,"Cluster 36",36,"01JAN2011","31DEC2011",".",".",".",".",".",".",".",".",".",1869.50,4059.00
2012,"Cluster 36",36,"01JAN2012","31DEC2012",".",".",".",".",".",".",".",".",".",1967.50,4445.50
2013,"Cluster 36",36,"01JAN2013","31DEC2013",".",".",".",".",".",".",".",".",".",1964.50,4589.00
2014,"Cluster 36",36,"01JAN2014","31DEC2014",".",".",".",".",".",".",".",".",".",1948.00,4373.00
2015,"Cluster 36",36,"01JAN2015","31DEC2015",".",".",".",".",".",".",".",".",".",1795.00,4306.00
2000,"Cluster 37",37,"01JAN2000","31DEC2000",".",".",".",".",".",".",".",".",".",2875.00,4216.00
2001,"Cluster 37",37,"01JAN2001","31DEC2001",".",".",".",".",".",".",".",".",".",2831.00,3846.00
2002,"Cluster 37",37,"01JAN2002","31DEC2002",".",".",".",".",".",".",".",".",".",2751.50,4012.00
2003,"Cluster 37",37,"01JAN2003","31DEC2003",".",".",".",".",".",".",".",".",".",2779.00,4352.00
2004,"Cluster 37",37,"01JAN2004","31DEC2004",".",".",".",".",".",".",".",".",".",2861.00,4475.50
2005,"Cluster 37",37,"01JAN2005","31DEC2005",".",".",".",".",".",".",".",".",".",2858.00,4644.00
2006,"Cluster 37",37,"01JAN2006","31DEC2006",".",".",".",".",".",".",".",".",".",2703.00,4438.50
2007,"Cluster 37",37,"01JAN2007","31DEC2007",".",".",".",".",".",".",".",".",".",2566.50,4337.00
2008,"Cluster 37",37,"01JAN2008","31DEC2008",".",".",".",".",".",".",".",".",".",2597.50,4521.50
2009,"Cluster 37",37,"01JAN2009","31DEC2009",".",".",".",".",".",".",".",".",".",2731.50,4875.50
2010,"Cluster 37",37,"01JAN2010","31DEC2010",".",".",".",".",".",".",".",".",".",2667.50,5257.00
2011,"Cluster 37",37,"01JAN2011","31DEC2011",".",".",".",".",".",".",".",".",".",2796.50,5770.50
2012,"Cluster 37",37,"01JAN2012","31DEC2012",".",".",".",".",".",".",".",".",".",2880.50,6101.00
2013,"Cluster 37",37,"01JAN2013","31DEC2013",".",".",".",".",".",".",".",".",".",2973.00,6462.00
2014,"Cluster 37",37,"01JAN2014","31DEC2014",".",".",".",".",".",".",".",".",".",2899.00,6207.50
2015,"Cluster 37",37,"01JAN2015","31DEC2015",".",".",".",".",".",".",".",".",".",2622.00,6182.50
2000,"Cluster 38",38,"01JAN2000","31DEC2000",".",".",".",".",".",".",".",".",".",2563.00,3709.00
2001,"Cluster 38",38,"01JAN2001","31DEC2001",".",".",".",".",".",".",".",".",".",2373.50,3218.50
2002,"Cluster 38",38,"01JAN2002","31DEC2002",".",".",".",".",".",".",".",".",".",2147.50,2860.00
2003,"Cluster 38",38,"01JAN2003","31DEC2003",".",".",".",".",".",".",".",".",".",2135.50,2941.50
2004,"Cluster 38",38,"01JAN2004","31DEC2004",".",".",".",".",".",".",".",".",".",2219.00,3220.50
2005,"Cluster 38",38,"01JAN2005","31DEC2005",".",".",".",".",".",".",".",".",".",2241.50,3303.00
2006,"Cluster 38",38,"01JAN2006","31DEC2006",".",".",".",".",".",".",".",".",".",2096.00,3244.50
2007,"Cluster 38",38,"01JAN2007","31DEC2007",".",".",".",".",".",".",".",".",".",2067.00,3369.00
2008,"Cluster 38",38,"01JAN2008","31DEC2008",".",".",".",".",".",".",".",".",".",1902.00,3241.50
2009,"Cluster 38",38,"01JAN2009","31DEC2009",".",".",".",".",".",".",".",".",".",2114.50,3775.00
2010,"Cluster 38",38,"01JAN2010","31DEC2010",".",".",".",".",".",".",".",".",".",2051.50,4297.00
2011,"Cluster 38",38,"01JAN2011","31DEC2011",".",".",".",".",".",".",".",".",".",2096.00,4857.50
2012,"Cluster 38",38,"01JAN2012","31DEC2012",".",".",".",".",".",".",".",".",".",2216.00,5226.00
2013,"Cluster 38",38,"01JAN2013","31DEC2013",".",".",".",".",".",".",".",".",".",2235.50,5380.50
2014,"Cluster 38",38,"01JAN2014","31DEC2014",".",".",".",".",".",".",".",".",".",2184.00,5209.00
2015,"Cluster 38",38,"01JAN2015","31DEC2015",".",".",".",".",".",".",".",".",".",1979.50,5153.00
2000,"Cluster 39",39,"01JAN2000","31DEC2000",".",".",".",".",".",".",".",".",".",7258.00,10858.00
2001,"Cluster 39",39,"01JAN2001","31DEC2001",".",".",".",".",".",".",".",".",".",6991.00,10080.50
2002,"Cluster 39",39,"01JAN2002","31DEC2002",".",".",".",".",".",".",".",".",".",7152.50,10412.50
2003,"Cluster 39",39,"01JAN2003","31DEC2003",".",".",".",".",".",".",".",".",".",7363.50,11125.50
2004,"Cluster 39",39,"01JAN2004","31DEC2004",".",".",".",".",".",".",".",".",".",7267.00,11392.00
2005,"Cluster 39",39,"01JAN2005","31DEC2005",".",".",".",".",".",".",".",".",".",6831.00,11020.00
2006,"Cluster 39",39,"01JAN2006","31DEC2006",".",".",".",".",".",".",".",".",".",6125.00,10882.00
2007,"Cluster 39",39,"01JAN2007","31DEC2007",".",".",".",".",".",".",".",".",".",6079.50,10958.00
2008,"Cluster 39",39,"01JAN2008","31DEC2008",".",".",".",".",".",".",".",".",".",6543.00,11987.50
2009,"Cluster 39",39,"01JAN2009","31DEC2009",".",".",".",".",".",".",".",".",".",7030.00,14159.00
2010,"Cluster 39",39,"01JAN2010","31DEC2010",".",".",".",".",".",".",".",".",".",7427.00,16217.00
2011,"Cluster 39",39,"01JAN2011","31DEC2011",".",".",".",".",".",".",".",".",".",7569.00,17929.00
2012,"Cluster 39",39,"01JAN2012","31DEC2012",".",".",".",".",".",".",".",".",".",7613.00,18931.50
2013,"Cluster 39",39,"01JAN2013","31DEC2013",".",".",".",".",".",".",".",".",".",7765.50,19682.00
2014,"Cluster 39",39,"01JAN2014","31DEC2014",".",".",".",".",".",".",".",".",".",7927.50,19872.00
2015,"Cluster 39",39,"01JAN2015","31DEC2015",".",".",".",".",".",".",".",".",".",7528.00,19972.00
2000,"Non-cluster area",99,"01JAN2000","31DEC2000",".",".",".",".",".",".",".",".",".",69.00,188.00
2001,"Non-cluster area",99,"01JAN2001","31DEC2001",".",".",".",".",".",".",".",".",".",118.50,199.00
2002,"Non-cluster area",99,"01JAN2002","31DEC2002",".",".",".",".",".",".",".",".",".",195.50,294.50
2003,"Non-cluster area",99,"01JAN2003","31DEC2003",".",".",".",".",".",".",".",".",".",221.50,324.00
2004,"Non-cluster area",99,"01JAN2004","31DEC2004",".",".",".",".",".",".",".",".",".",193.50,317.50
2005,"Non-cluster area",99,"01JAN2005","31DEC2005",".",".",".",".",".",".",".",".",".",198.50,389.00
2006,"Non-cluster area",99,"01JAN2006","31DEC2006",".",".",".",".",".",".",".",".",".",178.00,600.50
2007,"Non-cluster area",99,"01JAN2007","31DEC2007",".",".",".",".",".",".",".",".",".",269.50,766.00
2008,"Non-cluster area",99,"01JAN2008","31DEC2008",".",".",".",".",".",".",".",".",".",126.50,605.50
2009,"Non-cluster area",99,"01JAN2009","31DEC2009",".",".",".",".",".",".",".",".",".",79.00,603.50
2010,"Non-cluster area",99,"01JAN2010","31DEC2010",".",".",".",".",".",".",".",".",".",87.00,648.50
2011,"Non-cluster area",99,"01JAN2011","31DEC2011",".",".",".",".",".",".",".",".",".",87.50,650.00
2012,"Non-cluster area",99,"01JAN2012","31DEC2012",".",".",".",".",".",".",".",".",".",107.50,658.00
2013,"Non-cluster area",99,"01JAN2013","31DEC2013",".",".",".",".",".",".",".",".",".",108.50,668.50
2014,"Non-cluster area",99,"01JAN2014","31DEC2014",".",".",".",".",".",".",".",".",".",97.50,660.50
2015,"Non-cluster area",99,"01JAN2015","31DEC2015",".",".",".",".",".",".",".",".",".",89.00,615.00

