"timeframe","cluster2017","cluster2017_nf","start_date","end_date","PctPoorPersons","PctPoorChildren","PctPoorElderly","AvgFamilyIncAdj","PctPoorPersons_m","PctPoorChildren_m","PctPoorElderly_m","AvgFamilyIncAdj_m","PctChgAvgFamilyIncAdj","Tanf_client","Fs_client"
"2013-17","Cluster 01",01,"01JAN2012","31DEC2016",6.7,3.7,4.3,246803,1.8,8.1,3.8,38740,"X","X","X"
"2013-17","Cluster 02",02,"01JAN2012","31DEC2016",16,30,20,117602,2.2,5.6,4.9,12298,"X","X","X"
"2013-17","Cluster 03",03,"01JAN2012","31DEC2016",11,20,33,196971,2.7,12,11,43238,"X","X","X"
"2013-17","Cluster 04",04,"01JAN2012","31DEC2016",12,2.5,3.0,354249,4.1,6.6,3.6,79771,"X","X","X"
"2013-17","Cluster 05",05,"01JAN2012","31DEC2016",25,11,16,218123,4.1,33,9.7,73922,"X","X","X"
"2013-17","Cluster 06",06,"01JAN2012","31DEC2016",10,8.7,8.3,198774,2.0,14,6.3,41301,"X","X","X"
"2013-17","Cluster 07",07,"01JAN2012","31DEC2016",12,16,29,162901,2.0,7.7,8.1,31032,"X","X","X"
"2013-17","Cluster 08",08,"01JAN2012","31DEC2016",19,20,26,148424,2.9,9.4,8.4,27108,"X","X","X"
"2013-17","Cluster 09",09,"01JAN2012","31DEC2016",20,44,11,127495,3.2,8.8,5.4,24277,"X","X","X"
"2013-17","Cluster 10",10,"01JAN2012","31DEC2016",5.0,2.3,5.1,295560,1.6,2.8,3.0,28943,"X","X","X"
"2013-17","Cluster 11",11,"01JAN2012","31DEC2016",5.1,0.0,4.0,264713,1.8,2.6,3.4,32969,"X","X","X"
"2013-17","Cluster 12",12,"01JAN2012","31DEC2016",6.2,3.0,3.6,276104,2.2,5.4,4.5,67611,"X","X","X"
"2013-17","Cluster 13",13,"01JAN2012","31DEC2016",8.4,3.4,0.8,378215,2.5,3.2,2.0,51744,"X","X","X"
"2013-17","Cluster 14",14,"01JAN2012","31DEC2016",15,3.9,5.1,247162,3.0,5.1,3.4,38510,"X","X","X"
"2013-17","Cluster 15",15,"01JAN2012","31DEC2016",6.6,5.4,2.8,318269,1.8,5.2,3.0,52090,"X","X","X"
"2013-17","Cluster 16",16,"01JAN2012","31DEC2016",3.9,0.0,5.7,229149,2.0,3.8,4.4,36777,"X","X","X"
"2013-17","Cluster 17",17,"01JAN2012","31DEC2016",16,22,16,106219,3.0,5.1,4.9,13338,"X","X","X"
"2013-17","Cluster 18",18,"01JAN2012","31DEC2016",11,11,16,136927,1.6,3.6,3.5,12430,"X","X","X"
"2013-17","Cluster 19",19,"01JAN2012","31DEC2016",12,8.0,15,102216,2.5,4.2,5.4,17183,"X","X","X"
"2013-17","Cluster 20",20,"01JAN2012","31DEC2016",7.2,1.1,12,120151,2.2,3.6,5.2,17515,"X","X","X"
"2013-17","Cluster 21",21,"01JAN2012","31DEC2016",16,23,16,126018,2.2,7.2,4.0,14334,"X","X","X"
"2013-17","Cluster 22",22,"01JAN2012","31DEC2016",19,24,17,112904,4.5,7.9,4.9,15981,"X","X","X"
"2013-17","Cluster 23",23,"01JAN2012","31DEC2016",27,38,20,63507,3.9,7.6,5.7,10598,"X","X","X"
"2013-17","Cluster 24",24,"01JAN2012","31DEC2016",16,4.3,25,119278,4.3,5.1,7.0,20372,"X","X","X"
"2013-17","Cluster 25",25,"01JAN2012","31DEC2016",9.9,10,14,171373,1.7,4.6,5.0,16151,"X","X","X"
"2013-17","Cluster 26",26,"01JAN2012","31DEC2016",11,12,9.3,209267,2.4,5.5,3.7,17800,"X","X","X"
"2013-17","Cluster 27",27,"01JAN2012","31DEC2016",10,8.1,42,152517,4.0,17,16,39082,"X","X","X"
"2013-17","Cluster 28",28,"01JAN2012","31DEC2016",43,59,25,55869,8.5,10.0,12,16831,"X","X","X"
"2013-17","Cluster 29",29,"01JAN2012","31DEC2016",41,60,12,48275,11,14,8.1,11986,"X","X","X"
"2013-17","Cluster 30",30,"01JAN2012","31DEC2016",33,51,16,49821,7.0,14,7.1,12720,"X","X","X"
"2013-17","Cluster 31",31,"01JAN2012","31DEC2016",26,41,15,65246,4.9,7.5,5.6,10510,"X","X","X"
"2013-17","Cluster 32",32,"01JAN2012","31DEC2016",25,30,23,62220,5.4,7.9,7.8,12521,"X","X","X"
"2013-17","Cluster 33",33,"01JAN2012","31DEC2016",28,42,16,59930,3.9,5.9,5.3,8479,"X","X","X"
"2013-17","Cluster 34",34,"01JAN2012","31DEC2016",22,29,21,79347,3.1,7.5,5.3,9644,"X","X","X"
"2013-17","Cluster 35",35,"01JAN2012","31DEC2016",30,54,19,77795,9.9,15,12,22537,"X","X","X"
"2013-17","Cluster 36",36,"01JAN2012","31DEC2016",47,64,32,43639,5.9,6.6,13,9806,"X","X","X"
"2013-17","Cluster 37",37,"01JAN2012","31DEC2016",44,53,28,54533,6.6,6.5,12,24209,"X","X","X"
"2013-17","Cluster 38",38,"01JAN2012","31DEC2016",33,45,22,51714,5.9,6.7,9.5,8283,"X","X","X"
"2013-17","Cluster 39",39,"01JAN2012","31DEC2016",37,48,22,53489,3.7,4.2,5.0,7778,"X","X","X"
"2013-17","Cluster 40",40,"01JAN2012","31DEC2016",12,13,4.1,106925,15,33,13,122201,"X","X","X"
"2013-17","Cluster 41",41,"01JAN2012","31DEC2016",9.9,7.6,9.1,196365,8.5,16,14,147798,"X","X","X"
"2013-17","Cluster 43",43,"01JAN2012","31DEC2016",28,28,29,64463,27,28,38,47852,"X","X","X"
"2013-17","Cluster 44",44,"01JAN2012","31DEC2016",17,16,16,92655,8.5,6.2,24,18278,"X","X","X"
"2013-17","Cluster 46",46,"01JAN2012","31DEC2016",21,7.5,16,112988,35,34,41,94367,"X","X","X"
2000,"Cluster 01",01,"01JAN2000","31DEC2000",10.0,26,6.8,179494,".",".",".",".","X","X","X"
2000,"Cluster 02",02,"01JAN2000","31DEC2000",25,35,27,72020,".",".",".",".","X","X","X"
2000,"Cluster 03",03,"01JAN2000","31DEC2000",28,43,38,71508,".",".",".",".","X","X","X"
2000,"Cluster 04",04,"01JAN2000","31DEC2000",15,5.7,7.6,338050,".",".",".",".","X","X","X"
2000,"Cluster 05",05,"01JAN2000","31DEC2000",28,11,11,287711,".",".",".",".","X","X","X"
2000,"Cluster 06",06,"01JAN2000","31DEC2000",12,24,14,169876,".",".",".",".","X","X","X"
2000,"Cluster 07",07,"01JAN2000","31DEC2000",25,33,42,73790,".",".",".",".","X","X","X"
2000,"Cluster 08",08,"01JAN2000","31DEC2000",31,34,40,68431,".",".",".",".","X","X","X"
2000,"Cluster 09",09,"01JAN2000","31DEC2000",22,42,20,74289,".",".",".",".","X","X","X"
2000,"Cluster 10",10,"01JAN2000","31DEC2000",4.3,0.9,11,250194,".",".",".",".","X","X","X"
2000,"Cluster 11",11,"01JAN2000","31DEC2000",4.7,1.5,5.3,257698,".",".",".",".","X","X","X"
2000,"Cluster 12",12,"01JAN2000","31DEC2000",6.5,3.8,5.0,269415,".",".",".",".","X","X","X"
2000,"Cluster 13",13,"01JAN2000","31DEC2000",7.1,2.2,1.2,360014,".",".",".",".","X","X","X"
2000,"Cluster 14",14,"01JAN2000","31DEC2000",13,8.2,3.4,203486,".",".",".",".","X","X","X"
2000,"Cluster 15",15,"01JAN2000","31DEC2000",4.7,0.9,4.7,276002,".",".",".",".","X","X","X"
2000,"Cluster 16",16,"01JAN2000","31DEC2000",4.9,6.9,5.6,207728,".",".",".",".","X","X","X"
2000,"Cluster 17",17,"01JAN2000","31DEC2000",12,17,10,95875,".",".",".",".","X","X","X"
2000,"Cluster 18",18,"01JAN2000","31DEC2000",15,21,14,97016,".",".",".",".","X","X","X"
2000,"Cluster 19",19,"01JAN2000","31DEC2000",9.7,11,9.2,90254,".",".",".",".","X","X","X"
2000,"Cluster 20",20,"01JAN2000","31DEC2000",9.6,11,7.5,98733,".",".",".",".","X","X","X"
2000,"Cluster 21",21,"01JAN2000","31DEC2000",23,31,18,71092,".",".",".",".","X","X","X"
2000,"Cluster 22",22,"01JAN2000","31DEC2000",18,28,13,90808,".",".",".",".","X","X","X"
2000,"Cluster 23",23,"01JAN2000","31DEC2000",30,45,21,56245,".",".",".",".","X","X","X"
2000,"Cluster 24",24,"01JAN2000","31DEC2000",16,11,26,94983,".",".",".",".","X","X","X"
2000,"Cluster 25",25,"01JAN2000","31DEC2000",18,30,19,92777,".",".",".",".","X","X","X"
2000,"Cluster 26",26,"01JAN2000","31DEC2000",15,33,19,136168,".",".",".",".","X","X","X"
2000,"Cluster 27",27,"01JAN2000","31DEC2000",62,78,73,35226,".",".",".",".","X","X","X"
2000,"Cluster 28",28,"01JAN2000","31DEC2000",38,50,30,44411,".",".",".",".","X","X","X"
2000,"Cluster 29",29,"01JAN2000","31DEC2000",28,43,13,62932,".",".",".",".","X","X","X"
2000,"Cluster 30",30,"01JAN2000","31DEC2000",30,38,32,47891,".",".",".",".","X","X","X"
2000,"Cluster 31",31,"01JAN2000","31DEC2000",28,37,22,59624,".",".",".",".","X","X","X"
2000,"Cluster 32",32,"01JAN2000","31DEC2000",24,35,17,56752,".",".",".",".","X","X","X"
2000,"Cluster 33",33,"01JAN2000","31DEC2000",33,48,21,57585,".",".",".",".","X","X","X"
2000,"Cluster 34",34,"01JAN2000","31DEC2000",15,21,12,89026,".",".",".",".","X","X","X"
2000,"Cluster 35",35,"01JAN2000","31DEC2000",16,27,12,81806,".",".",".",".","X","X","X"
2000,"Cluster 36",36,"01JAN2000","31DEC2000",47,61,42,42478,".",".",".",".","X","X","X"
2000,"Cluster 37",37,"01JAN2000","31DEC2000",46,59,25,35827,".",".",".",".","X","X","X"
2000,"Cluster 38",38,"01JAN2000","31DEC2000",45,56,28,40775,".",".",".",".","X","X","X"
2000,"Cluster 39",39,"01JAN2000","31DEC2000",33,45,18,54764,".",".",".",".","X","X","X"
2000,"Cluster 40",40,"01JAN2000","31DEC2000",6.5,"i","i",205983,".",".",".",".","X","X","X"
2000,"Cluster 41",41,"01JAN2000","31DEC2000",8.8,9.6,9.9,180316,".",".",".",".","X","X","X"
2000,"Cluster 43",43,"01JAN2000","31DEC2000",71,73,34,36488,".",".",".",".","X","X","X"
2000,"Cluster 44",44,"01JAN2000","31DEC2000",11,9.8,7.9,81285,".",".",".",".","X","X","X"
2000,"Cluster 46",46,"01JAN2000","31DEC2000","i","i","i",".",".",".",".",".","X","X","X"
1990,"Cluster 01",01,"01JAN1990","31DEC1990",11,21,11,135158,".",".",".",".","X","X","X"
1990,"Cluster 02",02,"01JAN1990","31DEC1990",24,33,30,63324,".",".",".",".","X","X","X"
1990,"Cluster 03",03,"01JAN1990","31DEC1990",23,26,33,66519,".",".",".",".","X","X","X"
1990,"Cluster 04",04,"01JAN1990","31DEC1990",15,9.5,10,279751,".",".",".",".","X","X","X"
1990,"Cluster 05",05,"01JAN1990","31DEC1990",21,9.4,8.6,251464,".",".",".",".","X","X","X"
1990,"Cluster 06",06,"01JAN1990","31DEC1990",12,19,18,129349,".",".",".",".","X","X","X"
1990,"Cluster 07",07,"01JAN1990","31DEC1990",26,29,41,66572,".",".",".",".","X","X","X"
1990,"Cluster 08",08,"01JAN1990","31DEC1990",33,34,50,49853,".",".",".",".","X","X","X"
1990,"Cluster 09",09,"01JAN1990","31DEC1990",20,47,11,97761,".",".",".",".","X","X","X"
1990,"Cluster 10",10,"01JAN1990","31DEC1990",3.9,0.9,7.2,206797,".",".",".",".","X","X","X"
1990,"Cluster 11",11,"01JAN1990","31DEC1990",6.5,1.9,5.3,195704,".",".",".",".","X","X","X"
1990,"Cluster 12",12,"01JAN1990","31DEC1990",4.5,0.0,4.2,241995,".",".",".",".","X","X","X"
1990,"Cluster 13",13,"01JAN1990","31DEC1990",6.8,3.8,2.8,303437,".",".",".",".","X","X","X"
1990,"Cluster 14",14,"01JAN1990","31DEC1990",9.9,6.2,3.1,216055,".",".",".",".","X","X","X"
1990,"Cluster 15",15,"01JAN1990","31DEC1990",4.1,0.2,6.0,265272,".",".",".",".","X","X","X"
1990,"Cluster 16",16,"01JAN1990","31DEC1990",2.4,0.0,3.8,200886,".",".",".",".","X","X","X"
1990,"Cluster 17",17,"01JAN1990","31DEC1990",7.7,7.9,10,99279,".",".",".",".","X","X","X"
1990,"Cluster 18",18,"01JAN1990","31DEC1990",11,13,15,91459,".",".",".",".","X","X","X"
1990,"Cluster 19",19,"01JAN1990","31DEC1990",6.8,6.3,8.8,92658,".",".",".",".","X","X","X"
1990,"Cluster 20",20,"01JAN1990","31DEC1990",5.7,4.1,7.2,108764,".",".",".",".","X","X","X"
1990,"Cluster 21",21,"01JAN1990","31DEC1990",17,20,20,75461,".",".",".",".","X","X","X"
1990,"Cluster 22",22,"01JAN1990","31DEC1990",14,20,16,85421,".",".",".",".","X","X","X"
1990,"Cluster 23",23,"01JAN1990","31DEC1990",23,30,24,57603,".",".",".",".","X","X","X"
1990,"Cluster 24",24,"01JAN1990","31DEC1990",13,6.4,26,94649,".",".",".",".","X","X","X"
1990,"Cluster 25",25,"01JAN1990","31DEC1990",15,19,22,90598,".",".",".",".","X","X","X"
1990,"Cluster 26",26,"01JAN1990","31DEC1990",13,24,17,118906,".",".",".",".","X","X","X"
1990,"Cluster 27",27,"01JAN1990","31DEC1990",54,63,64,38371,".",".",".",".","X","X","X"
1990,"Cluster 28",28,"01JAN1990","31DEC1990",33,44,33,50112,".",".",".",".","X","X","X"
1990,"Cluster 29",29,"01JAN1990","31DEC1990",9.8,5.5,21,95692,".",".",".",".","X","X","X"
1990,"Cluster 30",30,"01JAN1990","31DEC1990",25,37,16,55201,".",".",".",".","X","X","X"
1990,"Cluster 31",31,"01JAN1990","31DEC1990",27,39,24,59256,".",".",".",".","X","X","X"
1990,"Cluster 32",32,"01JAN1990","31DEC1990",18,29,20,63530,".",".",".",".","X","X","X"
1990,"Cluster 33",33,"01JAN1990","31DEC1990",24,37,20,61384,".",".",".",".","X","X","X"
1990,"Cluster 34",34,"01JAN1990","31DEC1990",11,16,15,86264,".",".",".",".","X","X","X"
1990,"Cluster 35",35,"01JAN1990","31DEC1990",11,16,12,91419,".",".",".",".","X","X","X"
1990,"Cluster 36",36,"01JAN1990","31DEC1990",35,48,28,46833,".",".",".",".","X","X","X"
1990,"Cluster 37",37,"01JAN1990","31DEC1990",34,49,19,47046,".",".",".",".","X","X","X"
1990,"Cluster 38",38,"01JAN1990","31DEC1990",34,45,39,46817,".",".",".",".","X","X","X"
1990,"Cluster 39",39,"01JAN1990","31DEC1990",27,39,19,53315,".",".",".",".","X","X","X"
1990,"Cluster 40",40,"01JAN1990","31DEC1990",0.0,"i","i",183953,".",".",".",".","X","X","X"
1990,"Cluster 41",41,"01JAN1990","31DEC1990",6.3,4.2,7.7,179702,".",".",".",".","X","X","X"
1990,"Cluster 43",43,"01JAN1990","31DEC1990",37,54,62,37963,".",".",".",".","X","X","X"
1990,"Cluster 44",44,"01JAN1990","31DEC1990",10,13,6.6,71835,".",".",".",".","X","X","X"
1990,"Cluster 46",46,"01JAN1990","31DEC1990","i","i","i",".",".",".",".",".","X","X","X"
"2012-16","Cluster 01",01,"01JAN2000","31DEC2016","X","X","X","X","X","X","X","X",35,"X","X"
"2012-16","Cluster 02",02,"01JAN2000","31DEC2016","X","X","X","X","X","X","X","X",60,"X","X"
"2012-16","Cluster 03",03,"01JAN2000","31DEC2016","X","X","X","X","X","X","X","X",170,"X","X"
"2012-16","Cluster 04",04,"01JAN2000","31DEC2016","X","X","X","X","X","X","X","X",2.6,"X","X"
"2012-16","Cluster 05",05,"01JAN2000","31DEC2016","X","X","X","X","X","X","X","X",-26,"X","X"
"2012-16","Cluster 06",06,"01JAN2000","31DEC2016","X","X","X","X","X","X","X","X",15,"X","X"
"2012-16","Cluster 07",07,"01JAN2000","31DEC2016","X","X","X","X","X","X","X","X",116,"X","X"
"2012-16","Cluster 08",08,"01JAN2000","31DEC2016","X","X","X","X","X","X","X","X",112,"X","X"
"2012-16","Cluster 09",09,"01JAN2000","31DEC2016","X","X","X","X","X","X","X","X",68,"X","X"
"2012-16","Cluster 10",10,"01JAN2000","31DEC2016","X","X","X","X","X","X","X","X",16,"X","X"
"2012-16","Cluster 11",11,"01JAN2000","31DEC2016","X","X","X","X","X","X","X","X",0.6,"X","X"
"2012-16","Cluster 12",12,"01JAN2000","31DEC2016","X","X","X","X","X","X","X","X",0.3,"X","X"
"2012-16","Cluster 13",13,"01JAN2000","31DEC2016","X","X","X","X","X","X","X","X",2.9,"X","X"
"2012-16","Cluster 14",14,"01JAN2000","31DEC2016","X","X","X","X","X","X","X","X",19,"X","X"
"2012-16","Cluster 15",15,"01JAN2000","31DEC2016","X","X","X","X","X","X","X","X",13,"X","X"
"2012-16","Cluster 16",16,"01JAN2000","31DEC2016","X","X","X","X","X","X","X","X",8.0,"X","X"
"2012-16","Cluster 17",17,"01JAN2000","31DEC2016","X","X","X","X","X","X","X","X",8.5,"X","X"
"2012-16","Cluster 18",18,"01JAN2000","31DEC2016","X","X","X","X","X","X","X","X",38,"X","X"
"2012-16","Cluster 19",19,"01JAN2000","31DEC2016","X","X","X","X","X","X","X","X",11,"X","X"
"2012-16","Cluster 20",20,"01JAN2000","31DEC2016","X","X","X","X","X","X","X","X",19,"X","X"
"2012-16","Cluster 21",21,"01JAN2000","31DEC2016","X","X","X","X","X","X","X","X",74,"X","X"
"2012-16","Cluster 22",22,"01JAN2000","31DEC2016","X","X","X","X","X","X","X","X",22,"X","X"
"2012-16","Cluster 23",23,"01JAN2000","31DEC2016","X","X","X","X","X","X","X","X",11,"X","X"
"2012-16","Cluster 24",24,"01JAN2000","31DEC2016","X","X","X","X","X","X","X","X",23,"X","X"
"2012-16","Cluster 25",25,"01JAN2000","31DEC2016","X","X","X","X","X","X","X","X",81,"X","X"
"2012-16","Cluster 26",26,"01JAN2000","31DEC2016","X","X","X","X","X","X","X","X",50,"X","X"
"2012-16","Cluster 27",27,"01JAN2000","31DEC2016","X","X","X","X","X","X","X","X",324,"X","X"
"2012-16","Cluster 28",28,"01JAN2000","31DEC2016","X","X","X","X","X","X","X","X",23,"X","X"
"2012-16","Cluster 29",29,"01JAN2000","31DEC2016","X","X","X","X","X","X","X","X",-25,"X","X"
"2012-16","Cluster 30",30,"01JAN2000","31DEC2016","X","X","X","X","X","X","X","X",1.9,"X","X"
"2012-16","Cluster 31",31,"01JAN2000","31DEC2016","X","X","X","X","X","X","X","X",7.1,"X","X"
"2012-16","Cluster 32",32,"01JAN2000","31DEC2016","X","X","X","X","X","X","X","X",7.3,"X","X"
"2012-16","Cluster 33",33,"01JAN2000","31DEC2016","X","X","X","X","X","X","X","X",1.9,"X","X"
"2012-16","Cluster 34",34,"01JAN2000","31DEC2016","X","X","X","X","X","X","X","X",-13,"X","X"
"2012-16","Cluster 35",35,"01JAN2000","31DEC2016","X","X","X","X","X","X","X","X",-6.9,"X","X"
"2012-16","Cluster 36",36,"01JAN2000","31DEC2016","X","X","X","X","X","X","X","X",0.6,"X","X"
"2012-16","Cluster 37",37,"01JAN2000","31DEC2016","X","X","X","X","X","X","X","X",49,"X","X"
"2012-16","Cluster 38",38,"01JAN2000","31DEC2016","X","X","X","X","X","X","X","X",24,"X","X"
"2012-16","Cluster 39",39,"01JAN2000","31DEC2016","X","X","X","X","X","X","X","X",-4.4,"X","X"
"2012-16","Cluster 40",40,"01JAN2000","31DEC2016","X","X","X","X","X","X","X","X",-49,"X","X"
"2012-16","Cluster 41",41,"01JAN2000","31DEC2016","X","X","X","X","X","X","X","X",6.6,"X","X"
"2012-16","Cluster 43",43,"01JAN2000","31DEC2016","X","X","X","X","X","X","X","X",73,"X","X"
"2012-16","Cluster 44",44,"01JAN2000","31DEC2016","X","X","X","X","X","X","X","X",12,"X","X"
"2012-16","Cluster 46",46,"01JAN2000","31DEC2016","X","X","X","X","X","X","X","X",".","X","X"
2000,"Cluster 01",01,"01JAN1990","31DEC2000","X","X","X","X","X","X","X","X",33,"X","X"
2000,"Cluster 02",02,"01JAN1990","31DEC2000","X","X","X","X","X","X","X","X",14,"X","X"
2000,"Cluster 03",03,"01JAN1990","31DEC2000","X","X","X","X","X","X","X","X",7.5,"X","X"
2000,"Cluster 04",04,"01JAN1990","31DEC2000","X","X","X","X","X","X","X","X",21,"X","X"
2000,"Cluster 05",05,"01JAN1990","31DEC2000","X","X","X","X","X","X","X","X",14,"X","X"
2000,"Cluster 06",06,"01JAN1990","31DEC2000","X","X","X","X","X","X","X","X",31,"X","X"
2000,"Cluster 07",07,"01JAN1990","31DEC2000","X","X","X","X","X","X","X","X",11,"X","X"
2000,"Cluster 08",08,"01JAN1990","31DEC2000","X","X","X","X","X","X","X","X",37,"X","X"
2000,"Cluster 09",09,"01JAN1990","31DEC2000","X","X","X","X","X","X","X","X",-24,"X","X"
2000,"Cluster 10",10,"01JAN1990","31DEC2000","X","X","X","X","X","X","X","X",21,"X","X"
2000,"Cluster 11",11,"01JAN1990","31DEC2000","X","X","X","X","X","X","X","X",32,"X","X"
2000,"Cluster 12",12,"01JAN1990","31DEC2000","X","X","X","X","X","X","X","X",11,"X","X"
2000,"Cluster 13",13,"01JAN1990","31DEC2000","X","X","X","X","X","X","X","X",19,"X","X"
2000,"Cluster 14",14,"01JAN1990","31DEC2000","X","X","X","X","X","X","X","X",-5.8,"X","X"
2000,"Cluster 15",15,"01JAN1990","31DEC2000","X","X","X","X","X","X","X","X",4.0,"X","X"
2000,"Cluster 16",16,"01JAN1990","31DEC2000","X","X","X","X","X","X","X","X",3.4,"X","X"
2000,"Cluster 17",17,"01JAN1990","31DEC2000","X","X","X","X","X","X","X","X",-3.4,"X","X"
2000,"Cluster 18",18,"01JAN1990","31DEC2000","X","X","X","X","X","X","X","X",6.1,"X","X"
2000,"Cluster 19",19,"01JAN1990","31DEC2000","X","X","X","X","X","X","X","X",-2.6,"X","X"
2000,"Cluster 20",20,"01JAN1990","31DEC2000","X","X","X","X","X","X","X","X",-9.2,"X","X"
2000,"Cluster 21",21,"01JAN1990","31DEC2000","X","X","X","X","X","X","X","X",-5.8,"X","X"
2000,"Cluster 22",22,"01JAN1990","31DEC2000","X","X","X","X","X","X","X","X",6.3,"X","X"
2000,"Cluster 23",23,"01JAN1990","31DEC2000","X","X","X","X","X","X","X","X",-2.4,"X","X"
2000,"Cluster 24",24,"01JAN1990","31DEC2000","X","X","X","X","X","X","X","X",0.4,"X","X"
2000,"Cluster 25",25,"01JAN1990","31DEC2000","X","X","X","X","X","X","X","X",2.4,"X","X"
2000,"Cluster 26",26,"01JAN1990","31DEC2000","X","X","X","X","X","X","X","X",15,"X","X"
2000,"Cluster 27",27,"01JAN1990","31DEC2000","X","X","X","X","X","X","X","X",-8.2,"X","X"
2000,"Cluster 28",28,"01JAN1990","31DEC2000","X","X","X","X","X","X","X","X",-11,"X","X"
2000,"Cluster 29",29,"01JAN1990","31DEC2000","X","X","X","X","X","X","X","X",-34,"X","X"
2000,"Cluster 30",30,"01JAN1990","31DEC2000","X","X","X","X","X","X","X","X",-13,"X","X"
2000,"Cluster 31",31,"01JAN1990","31DEC2000","X","X","X","X","X","X","X","X",0.6,"X","X"
2000,"Cluster 32",32,"01JAN1990","31DEC2000","X","X","X","X","X","X","X","X",-11,"X","X"
2000,"Cluster 33",33,"01JAN1990","31DEC2000","X","X","X","X","X","X","X","X",-6.2,"X","X"
2000,"Cluster 34",34,"01JAN1990","31DEC2000","X","X","X","X","X","X","X","X",3.2,"X","X"
2000,"Cluster 35",35,"01JAN1990","31DEC2000","X","X","X","X","X","X","X","X",-11,"X","X"
2000,"Cluster 36",36,"01JAN1990","31DEC2000","X","X","X","X","X","X","X","X",-9.3,"X","X"
2000,"Cluster 37",37,"01JAN1990","31DEC2000","X","X","X","X","X","X","X","X",-24,"X","X"
2000,"Cluster 38",38,"01JAN1990","31DEC2000","X","X","X","X","X","X","X","X",-13,"X","X"
2000,"Cluster 39",39,"01JAN1990","31DEC2000","X","X","X","X","X","X","X","X",2.7,"X","X"
2000,"Cluster 40",40,"01JAN1990","31DEC2000","X","X","X","X","X","X","X","X",12,"X","X"
2000,"Cluster 41",41,"01JAN1990","31DEC2000","X","X","X","X","X","X","X","X",0.3,"X","X"
2000,"Cluster 43",43,"01JAN1990","31DEC2000","X","X","X","X","X","X","X","X",-3.9,"X","X"
2000,"Cluster 44",44,"01JAN1990","31DEC2000","X","X","X","X","X","X","X","X",13,"X","X"
2000,"Cluster 46",46,"01JAN1990","31DEC2000","X","X","X","X","X","X","X","X",".","X","X"
2000,"Cluster 01","Cl","01JAN2000","31DEC2000","X","X","X","X","X","X","X","X","X",247,546
2001,"Cluster 01","Cl","01JAN2001","31DEC2001","X","X","X","X","X","X","X","X","X",241,526
2002,"Cluster 01","Cl","01JAN2002","31DEC2002","X","X","X","X","X","X","X","X","X",233,536
2003,"Cluster 01","Cl","01JAN2003","31DEC2003","X","X","X","X","X","X","X","X","X",212,550
2004,"Cluster 01","Cl","01JAN2004","31DEC2004","X","X","X","X","X","X","X","X","X",178,565
2005,"Cluster 01","Cl","01JAN2005","31DEC2005","X","X","X","X","X","X","X","X","X",155,533
2006,"Cluster 01","Cl","01JAN2006","31DEC2006","X","X","X","X","X","X","X","X","X",128,526
2007,"Cluster 01","Cl","01JAN2007","31DEC2007","X","X","X","X","X","X","X","X","X",121,516
2008,"Cluster 01","Cl","01JAN2008","31DEC2008","X","X","X","X","X","X","X","X","X",118,464
2009,"Cluster 01","Cl","01JAN2009","31DEC2009","X","X","X","X","X","X","X","X","X",137,562
2010,"Cluster 01","Cl","01JAN2010","31DEC2010","X","X","X","X","X","X","X","X","X",145,655
2011,"Cluster 01","Cl","01JAN2011","31DEC2011","X","X","X","X","X","X","X","X","X",163,790
2012,"Cluster 01","Cl","01JAN2012","31DEC2012","X","X","X","X","X","X","X","X","X",133,855
2013,"Cluster 01","Cl","01JAN2013","31DEC2013","X","X","X","X","X","X","X","X","X",147,857
2014,"Cluster 01","Cl","01JAN2014","31DEC2014","X","X","X","X","X","X","X","X","X",125,767
2015,"Cluster 01","Cl","01JAN2015","31DEC2015","X","X","X","X","X","X","X","X","X",139,759
2000,"Cluster 10","Cl","01JAN2000","31DEC2000","X","X","X","X","X","X","X","X","X",4.1,57
2001,"Cluster 10","Cl","01JAN2001","31DEC2001","X","X","X","X","X","X","X","X","X",4.0,49
2002,"Cluster 10","Cl","01JAN2002","31DEC2002","X","X","X","X","X","X","X","X","X",6.2,46
2003,"Cluster 10","Cl","01JAN2003","31DEC2003","X","X","X","X","X","X","X","X","X",3.6,50
2004,"Cluster 10","Cl","01JAN2004","31DEC2004","X","X","X","X","X","X","X","X","X",5.0,63
2005,"Cluster 10","Cl","01JAN2005","31DEC2005","X","X","X","X","X","X","X","X","X",6.0,60
2006,"Cluster 10","Cl","01JAN2006","31DEC2006","X","X","X","X","X","X","X","X","X",8.6,70
2007,"Cluster 10","Cl","01JAN2007","31DEC2007","X","X","X","X","X","X","X","X","X",7.8,61
2008,"Cluster 10","Cl","01JAN2008","31DEC2008","X","X","X","X","X","X","X","X","X",7.2,61
2009,"Cluster 10","Cl","01JAN2009","31DEC2009","X","X","X","X","X","X","X","X","X",6.7,74
2010,"Cluster 10","Cl","01JAN2010","31DEC2010","X","X","X","X","X","X","X","X","X",12,107
2011,"Cluster 10","Cl","01JAN2011","31DEC2011","X","X","X","X","X","X","X","X","X",13,121
2012,"Cluster 10","Cl","01JAN2012","31DEC2012","X","X","X","X","X","X","X","X","X",11,146
2013,"Cluster 10","Cl","01JAN2013","31DEC2013","X","X","X","X","X","X","X","X","X",11,169
2014,"Cluster 10","Cl","01JAN2014","31DEC2014","X","X","X","X","X","X","X","X","X",13,152
2015,"Cluster 10","Cl","01JAN2015","31DEC2015","X","X","X","X","X","X","X","X","X",12,182
2000,"Cluster 11","Cl","01JAN2000","31DEC2000","X","X","X","X","X","X","X","X","X",1.9,30
2001,"Cluster 11","Cl","01JAN2001","31DEC2001","X","X","X","X","X","X","X","X","X",1.9,28
2002,"Cluster 11","Cl","01JAN2002","31DEC2002","X","X","X","X","X","X","X","X","X",6.8,31
2003,"Cluster 11","Cl","01JAN2003","31DEC2003","X","X","X","X","X","X","X","X","X",3.4,31
2004,"Cluster 11","Cl","01JAN2004","31DEC2004","X","X","X","X","X","X","X","X","X",1.1,33
2005,"Cluster 11","Cl","01JAN2005","31DEC2005","X","X","X","X","X","X","X","X","X",2.4,41
2006,"Cluster 11","Cl","01JAN2006","31DEC2006","X","X","X","X","X","X","X","X","X",5.1,50
2007,"Cluster 11","Cl","01JAN2007","31DEC2007","X","X","X","X","X","X","X","X","X",4.1,50
2008,"Cluster 11","Cl","01JAN2008","31DEC2008","X","X","X","X","X","X","X","X","X",4.7,49
2009,"Cluster 11","Cl","01JAN2009","31DEC2009","X","X","X","X","X","X","X","X","X",4.9,66
2010,"Cluster 11","Cl","01JAN2010","31DEC2010","X","X","X","X","X","X","X","X","X",6.7,83
2011,"Cluster 11","Cl","01JAN2011","31DEC2011","X","X","X","X","X","X","X","X","X",11,94
2012,"Cluster 11","Cl","01JAN2012","31DEC2012","X","X","X","X","X","X","X","X","X",14,91
2013,"Cluster 11","Cl","01JAN2013","31DEC2013","X","X","X","X","X","X","X","X","X",9.7,104
2014,"Cluster 11","Cl","01JAN2014","31DEC2014","X","X","X","X","X","X","X","X","X",9.8,100
2015,"Cluster 11","Cl","01JAN2015","31DEC2015","X","X","X","X","X","X","X","X","X",8.3,125
2000,"Cluster 12","Cl","01JAN2000","31DEC2000","X","X","X","X","X","X","X","X","X",1.4,20
2001,"Cluster 12","Cl","01JAN2001","31DEC2001","X","X","X","X","X","X","X","X","X",4.9,20
2002,"Cluster 12","Cl","01JAN2002","31DEC2002","X","X","X","X","X","X","X","X","X",6.5,24
2003,"Cluster 12","Cl","01JAN2003","31DEC2003","X","X","X","X","X","X","X","X","X",3.5,24
2004,"Cluster 12","Cl","01JAN2004","31DEC2004","X","X","X","X","X","X","X","X","X",4.7,29
2005,"Cluster 12","Cl","01JAN2005","31DEC2005","X","X","X","X","X","X","X","X","X",2.0,25
2006,"Cluster 12","Cl","01JAN2006","31DEC2006","X","X","X","X","X","X","X","X","X",3.5,35
2007,"Cluster 12","Cl","01JAN2007","31DEC2007","X","X","X","X","X","X","X","X","X",9.6,32
2008,"Cluster 12","Cl","01JAN2008","31DEC2008","X","X","X","X","X","X","X","X","X",6.1,32
2009,"Cluster 12","Cl","01JAN2009","31DEC2009","X","X","X","X","X","X","X","X","X",8.6,47
2010,"Cluster 12","Cl","01JAN2010","31DEC2010","X","X","X","X","X","X","X","X","X",9.1,56
2011,"Cluster 12","Cl","01JAN2011","31DEC2011","X","X","X","X","X","X","X","X","X",14,68
2012,"Cluster 12","Cl","01JAN2012","31DEC2012","X","X","X","X","X","X","X","X","X",13,69
2013,"Cluster 12","Cl","01JAN2013","31DEC2013","X","X","X","X","X","X","X","X","X",11,74
2014,"Cluster 12","Cl","01JAN2014","31DEC2014","X","X","X","X","X","X","X","X","X",11,76
2015,"Cluster 12","Cl","01JAN2015","31DEC2015","X","X","X","X","X","X","X","X","X",8.6,82
2000,"Cluster 13","Cl","01JAN2000","31DEC2000","X","X","X","X","X","X","X","X","X",8.1,16
2001,"Cluster 13","Cl","01JAN2001","31DEC2001","X","X","X","X","X","X","X","X","X",4.6,14
2002,"Cluster 13","Cl","01JAN2002","31DEC2002","X","X","X","X","X","X","X","X","X",4.3,12
2003,"Cluster 13","Cl","01JAN2003","31DEC2003","X","X","X","X","X","X","X","X","X",2.0,15
2004,"Cluster 13","Cl","01JAN2004","31DEC2004","X","X","X","X","X","X","X","X","X",4.0,17
2005,"Cluster 13","Cl","01JAN2005","31DEC2005","X","X","X","X","X","X","X","X","X",7.1,20
2006,"Cluster 13","Cl","01JAN2006","31DEC2006","X","X","X","X","X","X","X","X","X",0.0,12
2007,"Cluster 13","Cl","01JAN2007","31DEC2007","X","X","X","X","X","X","X","X","X",0.0,11
2008,"Cluster 13","Cl","01JAN2008","31DEC2008","X","X","X","X","X","X","X","X","X",0.0,12
2009,"Cluster 13","Cl","01JAN2009","31DEC2009","X","X","X","X","X","X","X","X","X",0.0,17
2010,"Cluster 13","Cl","01JAN2010","31DEC2010","X","X","X","X","X","X","X","X","X",1.0,18
2011,"Cluster 13","Cl","01JAN2011","31DEC2011","X","X","X","X","X","X","X","X","X",8.6,39
2012,"Cluster 13","Cl","01JAN2012","31DEC2012","X","X","X","X","X","X","X","X","X",14,70
2013,"Cluster 13","Cl","01JAN2013","31DEC2013","X","X","X","X","X","X","X","X","X",15,74
2014,"Cluster 13","Cl","01JAN2014","31DEC2014","X","X","X","X","X","X","X","X","X",7.8,69
2015,"Cluster 13","Cl","01JAN2015","31DEC2015","X","X","X","X","X","X","X","X","X",5.6,78
2000,"Cluster 14","Cl","01JAN2000","31DEC2000","X","X","X","X","X","X","X","X","X",22,69
2001,"Cluster 14","Cl","01JAN2001","31DEC2001","X","X","X","X","X","X","X","X","X",20,55
2002,"Cluster 14","Cl","01JAN2002","31DEC2002","X","X","X","X","X","X","X","X","X",16,59
2003,"Cluster 14","Cl","01JAN2003","31DEC2003","X","X","X","X","X","X","X","X","X",14,57
2004,"Cluster 14","Cl","01JAN2004","31DEC2004","X","X","X","X","X","X","X","X","X",21,69
2005,"Cluster 14","Cl","01JAN2005","31DEC2005","X","X","X","X","X","X","X","X","X",12,64
2006,"Cluster 14","Cl","01JAN2006","31DEC2006","X","X","X","X","X","X","X","X","X",14,66
2007,"Cluster 14","Cl","01JAN2007","31DEC2007","X","X","X","X","X","X","X","X","X",14,59
2008,"Cluster 14","Cl","01JAN2008","31DEC2008","X","X","X","X","X","X","X","X","X",15,63
2009,"Cluster 14","Cl","01JAN2009","31DEC2009","X","X","X","X","X","X","X","X","X",19,105
2010,"Cluster 14","Cl","01JAN2010","31DEC2010","X","X","X","X","X","X","X","X","X",14,126
2011,"Cluster 14","Cl","01JAN2011","31DEC2011","X","X","X","X","X","X","X","X","X",15,147
2012,"Cluster 14","Cl","01JAN2012","31DEC2012","X","X","X","X","X","X","X","X","X",16,183
2013,"Cluster 14","Cl","01JAN2013","31DEC2013","X","X","X","X","X","X","X","X","X",18,181
2014,"Cluster 14","Cl","01JAN2014","31DEC2014","X","X","X","X","X","X","X","X","X",8.6,186
2015,"Cluster 14","Cl","01JAN2015","31DEC2015","X","X","X","X","X","X","X","X","X",11,192
2000,"Cluster 15","Cl","01JAN2000","31DEC2000","X","X","X","X","X","X","X","X","X",6.7,42
2001,"Cluster 15","Cl","01JAN2001","31DEC2001","X","X","X","X","X","X","X","X","X",10,40
2002,"Cluster 15","Cl","01JAN2002","31DEC2002","X","X","X","X","X","X","X","X","X",12,44
2003,"Cluster 15","Cl","01JAN2003","31DEC2003","X","X","X","X","X","X","X","X","X",13,37
2004,"Cluster 15","Cl","01JAN2004","31DEC2004","X","X","X","X","X","X","X","X","X",8.5,47
2005,"Cluster 15","Cl","01JAN2005","31DEC2005","X","X","X","X","X","X","X","X","X",8.6,47
2006,"Cluster 15","Cl","01JAN2006","31DEC2006","X","X","X","X","X","X","X","X","X",8.4,46
2007,"Cluster 15","Cl","01JAN2007","31DEC2007","X","X","X","X","X","X","X","X","X",5.1,46
2008,"Cluster 15","Cl","01JAN2008","31DEC2008","X","X","X","X","X","X","X","X","X",3.6,40
2009,"Cluster 15","Cl","01JAN2009","31DEC2009","X","X","X","X","X","X","X","X","X",3.9,43
2010,"Cluster 15","Cl","01JAN2010","31DEC2010","X","X","X","X","X","X","X","X","X",7.1,58
2011,"Cluster 15","Cl","01JAN2011","31DEC2011","X","X","X","X","X","X","X","X","X",4.8,74
2012,"Cluster 15","Cl","01JAN2012","31DEC2012","X","X","X","X","X","X","X","X","X",3.5,73
2013,"Cluster 15","Cl","01JAN2013","31DEC2013","X","X","X","X","X","X","X","X","X",7.3,84
2014,"Cluster 15","Cl","01JAN2014","31DEC2014","X","X","X","X","X","X","X","X","X",7.3,94
2015,"Cluster 15","Cl","01JAN2015","31DEC2015","X","X","X","X","X","X","X","X","X",1.6,100
2000,"Cluster 16","Cl","01JAN2000","31DEC2000","X","X","X","X","X","X","X","X","X",29,62
2001,"Cluster 16","Cl","01JAN2001","31DEC2001","X","X","X","X","X","X","X","X","X",27,57
2002,"Cluster 16","Cl","01JAN2002","31DEC2002","X","X","X","X","X","X","X","X","X",31,63
2003,"Cluster 16","Cl","01JAN2003","31DEC2003","X","X","X","X","X","X","X","X","X",33,72
2004,"Cluster 16","Cl","01JAN2004","31DEC2004","X","X","X","X","X","X","X","X","X",36,77
2005,"Cluster 16","Cl","01JAN2005","31DEC2005","X","X","X","X","X","X","X","X","X",53,93
2006,"Cluster 16","Cl","01JAN2006","31DEC2006","X","X","X","X","X","X","X","X","X",33,92
2007,"Cluster 16","Cl","01JAN2007","31DEC2007","X","X","X","X","X","X","X","X","X",36,101
2008,"Cluster 16","Cl","01JAN2008","31DEC2008","X","X","X","X","X","X","X","X","X",36,102
2009,"Cluster 16","Cl","01JAN2009","31DEC2009","X","X","X","X","X","X","X","X","X",42,152
2010,"Cluster 16","Cl","01JAN2010","31DEC2010","X","X","X","X","X","X","X","X","X",44,179
2011,"Cluster 16","Cl","01JAN2011","31DEC2011","X","X","X","X","X","X","X","X","X",55,201
2012,"Cluster 16","Cl","01JAN2012","31DEC2012","X","X","X","X","X","X","X","X","X",50,207
2013,"Cluster 16","Cl","01JAN2013","31DEC2013","X","X","X","X","X","X","X","X","X",55,201
2014,"Cluster 16","Cl","01JAN2014","31DEC2014","X","X","X","X","X","X","X","X","X",64,196
2015,"Cluster 16","Cl","01JAN2015","31DEC2015","X","X","X","X","X","X","X","X","X",59,214
2000,"Cluster 17","Cl","01JAN2000","31DEC2000","X","X","X","X","X","X","X","X","X",737,1410
2001,"Cluster 17","Cl","01JAN2001","31DEC2001","X","X","X","X","X","X","X","X","X",726,1341
2002,"Cluster 17","Cl","01JAN2002","31DEC2002","X","X","X","X","X","X","X","X","X",737,1314
2003,"Cluster 17","Cl","01JAN2003","31DEC2003","X","X","X","X","X","X","X","X","X",757,1506
2004,"Cluster 17","Cl","01JAN2004","31DEC2004","X","X","X","X","X","X","X","X","X",793,1702
2005,"Cluster 17","Cl","01JAN2005","31DEC2005","X","X","X","X","X","X","X","X","X",786,1801
2006,"Cluster 17","Cl","01JAN2006","31DEC2006","X","X","X","X","X","X","X","X","X",824,1942
2007,"Cluster 17","Cl","01JAN2007","31DEC2007","X","X","X","X","X","X","X","X","X",775,1943
2008,"Cluster 17","Cl","01JAN2008","31DEC2008","X","X","X","X","X","X","X","X","X",836,2135
2009,"Cluster 17","Cl","01JAN2009","31DEC2009","X","X","X","X","X","X","X","X","X",939,2685
2010,"Cluster 17","Cl","01JAN2010","31DEC2010","X","X","X","X","X","X","X","X","X",1054,3390
2011,"Cluster 17","Cl","01JAN2011","31DEC2011","X","X","X","X","X","X","X","X","X",1141,4150
2012,"Cluster 17","Cl","01JAN2012","31DEC2012","X","X","X","X","X","X","X","X","X",1239,4579
2013,"Cluster 17","Cl","01JAN2013","31DEC2013","X","X","X","X","X","X","X","X","X",1131,4605
2014,"Cluster 17","Cl","01JAN2014","31DEC2014","X","X","X","X","X","X","X","X","X",1091,4340
2015,"Cluster 17","Cl","01JAN2015","31DEC2015","X","X","X","X","X","X","X","X","X",1069,4489
2000,"Cluster 18","Cl","01JAN2000","31DEC2000","X","X","X","X","X","X","X","X","X",2160,4032
2001,"Cluster 18","Cl","01JAN2001","31DEC2001","X","X","X","X","X","X","X","X","X",2057,3675
2002,"Cluster 18","Cl","01JAN2002","31DEC2002","X","X","X","X","X","X","X","X","X",2129,3619
2003,"Cluster 18","Cl","01JAN2003","31DEC2003","X","X","X","X","X","X","X","X","X",2109,4018
2004,"Cluster 18","Cl","01JAN2004","31DEC2004","X","X","X","X","X","X","X","X","X",2204,4314
2005,"Cluster 18","Cl","01JAN2005","31DEC2005","X","X","X","X","X","X","X","X","X",2238,4552
2006,"Cluster 18","Cl","01JAN2006","31DEC2006","X","X","X","X","X","X","X","X","X",2154,4691
2007,"Cluster 18","Cl","01JAN2007","31DEC2007","X","X","X","X","X","X","X","X","X",1935,4670
2008,"Cluster 18","Cl","01JAN2008","31DEC2008","X","X","X","X","X","X","X","X","X",1978,4948
2009,"Cluster 18","Cl","01JAN2009","31DEC2009","X","X","X","X","X","X","X","X","X",2270,6423
2010,"Cluster 18","Cl","01JAN2010","31DEC2010","X","X","X","X","X","X","X","X","X",2497,7935
2011,"Cluster 18","Cl","01JAN2011","31DEC2011","X","X","X","X","X","X","X","X","X",2614,9224
2012,"Cluster 18","Cl","01JAN2012","31DEC2012","X","X","X","X","X","X","X","X","X",2807,9927
2013,"Cluster 18","Cl","01JAN2013","31DEC2013","X","X","X","X","X","X","X","X","X",2669,10002
2014,"Cluster 18","Cl","01JAN2014","31DEC2014","X","X","X","X","X","X","X","X","X",2291,9121
2015,"Cluster 18","Cl","01JAN2015","31DEC2015","X","X","X","X","X","X","X","X","X",2131,9226
2000,"Cluster 19","Cl","01JAN2000","31DEC2000","X","X","X","X","X","X","X","X","X",513,949
2001,"Cluster 19","Cl","01JAN2001","31DEC2001","X","X","X","X","X","X","X","X","X",505,852
2002,"Cluster 19","Cl","01JAN2002","31DEC2002","X","X","X","X","X","X","X","X","X",530,867
2003,"Cluster 19","Cl","01JAN2003","31DEC2003","X","X","X","X","X","X","X","X","X",549,967
2004,"Cluster 19","Cl","01JAN2004","31DEC2004","X","X","X","X","X","X","X","X","X",595,1117
2005,"Cluster 19","Cl","01JAN2005","31DEC2005","X","X","X","X","X","X","X","X","X",577,1194
2006,"Cluster 19","Cl","01JAN2006","31DEC2006","X","X","X","X","X","X","X","X","X",515,1170
2007,"Cluster 19","Cl","01JAN2007","31DEC2007","X","X","X","X","X","X","X","X","X",521,1201
2008,"Cluster 19","Cl","01JAN2008","31DEC2008","X","X","X","X","X","X","X","X","X",592,1406
2009,"Cluster 19","Cl","01JAN2009","31DEC2009","X","X","X","X","X","X","X","X","X",644,1682
2010,"Cluster 19","Cl","01JAN2010","31DEC2010","X","X","X","X","X","X","X","X","X",682,2049
2011,"Cluster 19","Cl","01JAN2011","31DEC2011","X","X","X","X","X","X","X","X","X",762,2536
2012,"Cluster 19","Cl","01JAN2012","31DEC2012","X","X","X","X","X","X","X","X","X",778,2713
2013,"Cluster 19","Cl","01JAN2013","31DEC2013","X","X","X","X","X","X","X","X","X",741,2773
2014,"Cluster 19","Cl","01JAN2014","31DEC2014","X","X","X","X","X","X","X","X","X",737,2627
2015,"Cluster 19","Cl","01JAN2015","31DEC2015","X","X","X","X","X","X","X","X","X",682,2763
2000,"Cluster 02","Cl","01JAN2000","31DEC2000","X","X","X","X","X","X","X","X","X",3366,6356
2001,"Cluster 02","Cl","01JAN2001","31DEC2001","X","X","X","X","X","X","X","X","X",3389,6071
2002,"Cluster 02","Cl","01JAN2002","31DEC2002","X","X","X","X","X","X","X","X","X",3322,5864
2003,"Cluster 02","Cl","01JAN2003","31DEC2003","X","X","X","X","X","X","X","X","X",3144,5940
2004,"Cluster 02","Cl","01JAN2004","31DEC2004","X","X","X","X","X","X","X","X","X",3116,5937
2005,"Cluster 02","Cl","01JAN2005","31DEC2005","X","X","X","X","X","X","X","X","X",3001,6138
2006,"Cluster 02","Cl","01JAN2006","31DEC2006","X","X","X","X","X","X","X","X","X",2586,5831
2007,"Cluster 02","Cl","01JAN2007","31DEC2007","X","X","X","X","X","X","X","X","X",2425,5629
2008,"Cluster 02","Cl","01JAN2008","31DEC2008","X","X","X","X","X","X","X","X","X",2348,5580
2009,"Cluster 02","Cl","01JAN2009","31DEC2009","X","X","X","X","X","X","X","X","X",2510,6558
2010,"Cluster 02","Cl","01JAN2010","31DEC2010","X","X","X","X","X","X","X","X","X",2675,7921
2011,"Cluster 02","Cl","01JAN2011","31DEC2011","X","X","X","X","X","X","X","X","X",2614,8965
2012,"Cluster 02","Cl","01JAN2012","31DEC2012","X","X","X","X","X","X","X","X","X",2521,9186
2013,"Cluster 02","Cl","01JAN2013","31DEC2013","X","X","X","X","X","X","X","X","X",2383,9422
2014,"Cluster 02","Cl","01JAN2014","31DEC2014","X","X","X","X","X","X","X","X","X",2139,8744
2015,"Cluster 02","Cl","01JAN2015","31DEC2015","X","X","X","X","X","X","X","X","X",1941,8711
2000,"Cluster 20","Cl","01JAN2000","31DEC2000","X","X","X","X","X","X","X","X","X",369,578
2001,"Cluster 20","Cl","01JAN2001","31DEC2001","X","X","X","X","X","X","X","X","X",372,557
2002,"Cluster 20","Cl","01JAN2002","31DEC2002","X","X","X","X","X","X","X","X","X",369,563
2003,"Cluster 20","Cl","01JAN2003","31DEC2003","X","X","X","X","X","X","X","X","X",394,691
2004,"Cluster 20","Cl","01JAN2004","31DEC2004","X","X","X","X","X","X","X","X","X",397,813
2005,"Cluster 20","Cl","01JAN2005","31DEC2005","X","X","X","X","X","X","X","X","X",426,873
2006,"Cluster 20","Cl","01JAN2006","31DEC2006","X","X","X","X","X","X","X","X","X",398,866
2007,"Cluster 20","Cl","01JAN2007","31DEC2007","X","X","X","X","X","X","X","X","X",390,920
2008,"Cluster 20","Cl","01JAN2008","31DEC2008","X","X","X","X","X","X","X","X","X",447,1037
2009,"Cluster 20","Cl","01JAN2009","31DEC2009","X","X","X","X","X","X","X","X","X",458,1246
2010,"Cluster 20","Cl","01JAN2010","31DEC2010","X","X","X","X","X","X","X","X","X",516,1462
2011,"Cluster 20","Cl","01JAN2011","31DEC2011","X","X","X","X","X","X","X","X","X",571,1807
2012,"Cluster 20","Cl","01JAN2012","31DEC2012","X","X","X","X","X","X","X","X","X",544,1903
2013,"Cluster 20","Cl","01JAN2013","31DEC2013","X","X","X","X","X","X","X","X","X",498,1841
2014,"Cluster 20","Cl","01JAN2014","31DEC2014","X","X","X","X","X","X","X","X","X",483,1771
2015,"Cluster 20","Cl","01JAN2015","31DEC2015","X","X","X","X","X","X","X","X","X",467,1813
2000,"Cluster 21","Cl","01JAN2000","31DEC2000","X","X","X","X","X","X","X","X","X",2023,3534
2001,"Cluster 21","Cl","01JAN2001","31DEC2001","X","X","X","X","X","X","X","X","X",1830,3364
2002,"Cluster 21","Cl","01JAN2002","31DEC2002","X","X","X","X","X","X","X","X","X",1833,3352
2003,"Cluster 21","Cl","01JAN2003","31DEC2003","X","X","X","X","X","X","X","X","X",1785,3680
2004,"Cluster 21","Cl","01JAN2004","31DEC2004","X","X","X","X","X","X","X","X","X",1906,3992
2005,"Cluster 21","Cl","01JAN2005","31DEC2005","X","X","X","X","X","X","X","X","X",1848,4006
2006,"Cluster 21","Cl","01JAN2006","31DEC2006","X","X","X","X","X","X","X","X","X",1646,3688
2007,"Cluster 21","Cl","01JAN2007","31DEC2007","X","X","X","X","X","X","X","X","X",1504,3607
2008,"Cluster 21","Cl","01JAN2008","31DEC2008","X","X","X","X","X","X","X","X","X",1502,3683
2009,"Cluster 21","Cl","01JAN2009","31DEC2009","X","X","X","X","X","X","X","X","X",1565,4250
2010,"Cluster 21","Cl","01JAN2010","31DEC2010","X","X","X","X","X","X","X","X","X",1540,4567
2011,"Cluster 21","Cl","01JAN2011","31DEC2011","X","X","X","X","X","X","X","X","X",1629,5197
2012,"Cluster 21","Cl","01JAN2012","31DEC2012","X","X","X","X","X","X","X","X","X",1521,5156
2013,"Cluster 21","Cl","01JAN2013","31DEC2013","X","X","X","X","X","X","X","X","X",1415,5075
2014,"Cluster 21","Cl","01JAN2014","31DEC2014","X","X","X","X","X","X","X","X","X",1322,4684
2015,"Cluster 21","Cl","01JAN2015","31DEC2015","X","X","X","X","X","X","X","X","X",1200,4481
2000,"Cluster 22","Cl","01JAN2000","31DEC2000","X","X","X","X","X","X","X","X","X",1029,1657
2001,"Cluster 22","Cl","01JAN2001","31DEC2001","X","X","X","X","X","X","X","X","X",1093,1677
2002,"Cluster 22","Cl","01JAN2002","31DEC2002","X","X","X","X","X","X","X","X","X",1194,1847
2003,"Cluster 22","Cl","01JAN2003","31DEC2003","X","X","X","X","X","X","X","X","X",1200,2137
2004,"Cluster 22","Cl","01JAN2004","31DEC2004","X","X","X","X","X","X","X","X","X",1372,2407
2005,"Cluster 22","Cl","01JAN2005","31DEC2005","X","X","X","X","X","X","X","X","X",1466,2581
2006,"Cluster 22","Cl","01JAN2006","31DEC2006","X","X","X","X","X","X","X","X","X",1390,2536
2007,"Cluster 22","Cl","01JAN2007","31DEC2007","X","X","X","X","X","X","X","X","X",1249,2449
2008,"Cluster 22","Cl","01JAN2008","31DEC2008","X","X","X","X","X","X","X","X","X",1199,2616
2009,"Cluster 22","Cl","01JAN2009","31DEC2009","X","X","X","X","X","X","X","X","X",1278,3029
2010,"Cluster 22","Cl","01JAN2010","31DEC2010","X","X","X","X","X","X","X","X","X",1299,3295
2011,"Cluster 22","Cl","01JAN2011","31DEC2011","X","X","X","X","X","X","X","X","X",1332,3765
2012,"Cluster 22","Cl","01JAN2012","31DEC2012","X","X","X","X","X","X","X","X","X",1424,4130
2013,"Cluster 22","Cl","01JAN2013","31DEC2013","X","X","X","X","X","X","X","X","X",1407,4181
2014,"Cluster 22","Cl","01JAN2014","31DEC2014","X","X","X","X","X","X","X","X","X",1403,3975
2015,"Cluster 22","Cl","01JAN2015","31DEC2015","X","X","X","X","X","X","X","X","X",1330,3931
2000,"Cluster 23","Cl","01JAN2000","31DEC2000","X","X","X","X","X","X","X","X","X",2161,3555
2001,"Cluster 23","Cl","01JAN2001","31DEC2001","X","X","X","X","X","X","X","X","X",2142,3609
2002,"Cluster 23","Cl","01JAN2002","31DEC2002","X","X","X","X","X","X","X","X","X",2209,3770
2003,"Cluster 23","Cl","01JAN2003","31DEC2003","X","X","X","X","X","X","X","X","X",2392,4401
2004,"Cluster 23","Cl","01JAN2004","31DEC2004","X","X","X","X","X","X","X","X","X",2841,5168
2005,"Cluster 23","Cl","01JAN2005","31DEC2005","X","X","X","X","X","X","X","X","X",2701,5318
2006,"Cluster 23","Cl","01JAN2006","31DEC2006","X","X","X","X","X","X","X","X","X",2537,5056
2007,"Cluster 23","Cl","01JAN2007","31DEC2007","X","X","X","X","X","X","X","X","X",2257,4899
2008,"Cluster 23","Cl","01JAN2008","31DEC2008","X","X","X","X","X","X","X","X","X",2383,5357
2009,"Cluster 23","Cl","01JAN2009","31DEC2009","X","X","X","X","X","X","X","X","X",2401,6072
2010,"Cluster 23","Cl","01JAN2010","31DEC2010","X","X","X","X","X","X","X","X","X",2253,6576
2011,"Cluster 23","Cl","01JAN2011","31DEC2011","X","X","X","X","X","X","X","X","X",2331,7151
2012,"Cluster 23","Cl","01JAN2012","31DEC2012","X","X","X","X","X","X","X","X","X",2352,7332
2013,"Cluster 23","Cl","01JAN2013","31DEC2013","X","X","X","X","X","X","X","X","X",2296,7410
2014,"Cluster 23","Cl","01JAN2014","31DEC2014","X","X","X","X","X","X","X","X","X",2143,6819
2015,"Cluster 23","Cl","01JAN2015","31DEC2015","X","X","X","X","X","X","X","X","X",2006,6452
2000,"Cluster 24","Cl","01JAN2000","31DEC2000","X","X","X","X","X","X","X","X","X",256,617
2001,"Cluster 24","Cl","01JAN2001","31DEC2001","X","X","X","X","X","X","X","X","X",252,549
2002,"Cluster 24","Cl","01JAN2002","31DEC2002","X","X","X","X","X","X","X","X","X",284,580
2003,"Cluster 24","Cl","01JAN2003","31DEC2003","X","X","X","X","X","X","X","X","X",287,669
2004,"Cluster 24","Cl","01JAN2004","31DEC2004","X","X","X","X","X","X","X","X","X",321,741
2005,"Cluster 24","Cl","01JAN2005","31DEC2005","X","X","X","X","X","X","X","X","X",327,784
2006,"Cluster 24","Cl","01JAN2006","31DEC2006","X","X","X","X","X","X","X","X","X",316,778
2007,"Cluster 24","Cl","01JAN2007","31DEC2007","X","X","X","X","X","X","X","X","X",278,760
2008,"Cluster 24","Cl","01JAN2008","31DEC2008","X","X","X","X","X","X","X","X","X",278,848
2009,"Cluster 24","Cl","01JAN2009","31DEC2009","X","X","X","X","X","X","X","X","X",283,1025
2010,"Cluster 24","Cl","01JAN2010","31DEC2010","X","X","X","X","X","X","X","X","X",325,1174
2011,"Cluster 24","Cl","01JAN2011","31DEC2011","X","X","X","X","X","X","X","X","X",362,1453
2012,"Cluster 24","Cl","01JAN2012","31DEC2012","X","X","X","X","X","X","X","X","X",370,1567
2013,"Cluster 24","Cl","01JAN2013","31DEC2013","X","X","X","X","X","X","X","X","X",365,1587
2014,"Cluster 24","Cl","01JAN2014","31DEC2014","X","X","X","X","X","X","X","X","X",334,1483
2015,"Cluster 24","Cl","01JAN2015","31DEC2015","X","X","X","X","X","X","X","X","X",336,1532
2000,"Cluster 25","Cl","01JAN2000","31DEC2000","X","X","X","X","X","X","X","X","X",2021,3968
2001,"Cluster 25","Cl","01JAN2001","31DEC2001","X","X","X","X","X","X","X","X","X",2018,3812
2002,"Cluster 25","Cl","01JAN2002","31DEC2002","X","X","X","X","X","X","X","X","X",2061,4354
2003,"Cluster 25","Cl","01JAN2003","31DEC2003","X","X","X","X","X","X","X","X","X",2147,5284
2004,"Cluster 25","Cl","01JAN2004","31DEC2004","X","X","X","X","X","X","X","X","X",2171,6067
2005,"Cluster 25","Cl","01JAN2005","31DEC2005","X","X","X","X","X","X","X","X","X",2085,6146
2006,"Cluster 25","Cl","01JAN2006","31DEC2006","X","X","X","X","X","X","X","X","X",1827,5614
2007,"Cluster 25","Cl","01JAN2007","31DEC2007","X","X","X","X","X","X","X","X","X",1556,5427
2008,"Cluster 25","Cl","01JAN2008","31DEC2008","X","X","X","X","X","X","X","X","X",1437,5710
2009,"Cluster 25","Cl","01JAN2009","31DEC2009","X","X","X","X","X","X","X","X","X",1536,6534
2010,"Cluster 25","Cl","01JAN2010","31DEC2010","X","X","X","X","X","X","X","X","X",1566,7219
2011,"Cluster 25","Cl","01JAN2011","31DEC2011","X","X","X","X","X","X","X","X","X",1602,7628
2012,"Cluster 25","Cl","01JAN2012","31DEC2012","X","X","X","X","X","X","X","X","X",1557,7574
2013,"Cluster 25","Cl","01JAN2013","31DEC2013","X","X","X","X","X","X","X","X","X",1423,7382
2014,"Cluster 25","Cl","01JAN2014","31DEC2014","X","X","X","X","X","X","X","X","X",1404,6734
2015,"Cluster 25","Cl","01JAN2015","31DEC2015","X","X","X","X","X","X","X","X","X",1252,6406
2000,"Cluster 26","Cl","01JAN2000","31DEC2000","X","X","X","X","X","X","X","X","X",1289,2833
2001,"Cluster 26","Cl","01JAN2001","31DEC2001","X","X","X","X","X","X","X","X","X",1344,2419
2002,"Cluster 26","Cl","01JAN2002","31DEC2002","X","X","X","X","X","X","X","X","X",1186,2190
2003,"Cluster 26","Cl","01JAN2003","31DEC2003","X","X","X","X","X","X","X","X","X",1151,2156
2004,"Cluster 26","Cl","01JAN2004","31DEC2004","X","X","X","X","X","X","X","X","X",1238,2197
2005,"Cluster 26","Cl","01JAN2005","31DEC2005","X","X","X","X","X","X","X","X","X",1198,2124
2006,"Cluster 26","Cl","01JAN2006","31DEC2006","X","X","X","X","X","X","X","X","X",1069,2155
2007,"Cluster 26","Cl","01JAN2007","31DEC2007","X","X","X","X","X","X","X","X","X",983,2103
2008,"Cluster 26","Cl","01JAN2008","31DEC2008","X","X","X","X","X","X","X","X","X",947,2205
2009,"Cluster 26","Cl","01JAN2009","31DEC2009","X","X","X","X","X","X","X","X","X",953,2319
2010,"Cluster 26","Cl","01JAN2010","31DEC2010","X","X","X","X","X","X","X","X","X",993,2559
2011,"Cluster 26","Cl","01JAN2011","31DEC2011","X","X","X","X","X","X","X","X","X",977,2782
2012,"Cluster 26","Cl","01JAN2012","31DEC2012","X","X","X","X","X","X","X","X","X",1028,2792
2013,"Cluster 26","Cl","01JAN2013","31DEC2013","X","X","X","X","X","X","X","X","X",1168,3056
2014,"Cluster 26","Cl","01JAN2014","31DEC2014","X","X","X","X","X","X","X","X","X",1120,2829
2015,"Cluster 26","Cl","01JAN2015","31DEC2015","X","X","X","X","X","X","X","X","X",984,2629
2000,"Cluster 27","Cl","01JAN2000","31DEC2000","X","X","X","X","X","X","X","X","X",470,819
2001,"Cluster 27","Cl","01JAN2001","31DEC2001","X","X","X","X","X","X","X","X","X",446,815
2002,"Cluster 27","Cl","01JAN2002","31DEC2002","X","X","X","X","X","X","X","X","X",396,777
2003,"Cluster 27","Cl","01JAN2003","31DEC2003","X","X","X","X","X","X","X","X","X",400,804
2004,"Cluster 27","Cl","01JAN2004","31DEC2004","X","X","X","X","X","X","X","X","X",258,529
2005,"Cluster 27","Cl","01JAN2005","31DEC2005","X","X","X","X","X","X","X","X","X",109,221
2006,"Cluster 27","Cl","01JAN2006","31DEC2006","X","X","X","X","X","X","X","X","X",45,111
2007,"Cluster 27","Cl","01JAN2007","31DEC2007","X","X","X","X","X","X","X","X","X",21,101
2008,"Cluster 27","Cl","01JAN2008","31DEC2008","X","X","X","X","X","X","X","X","X",28,127
2009,"Cluster 27","Cl","01JAN2009","31DEC2009","X","X","X","X","X","X","X","X","X",31,164
2010,"Cluster 27","Cl","01JAN2010","31DEC2010","X","X","X","X","X","X","X","X","X",36,208
2011,"Cluster 27","Cl","01JAN2011","31DEC2011","X","X","X","X","X","X","X","X","X",36,273
2012,"Cluster 27","Cl","01JAN2012","31DEC2012","X","X","X","X","X","X","X","X","X",47,318
2013,"Cluster 27","Cl","01JAN2013","31DEC2013","X","X","X","X","X","X","X","X","X",101,417
2014,"Cluster 27","Cl","01JAN2014","31DEC2014","X","X","X","X","X","X","X","X","X",111,434
2015,"Cluster 27","Cl","01JAN2015","31DEC2015","X","X","X","X","X","X","X","X","X",98,435
2000,"Cluster 28","Cl","01JAN2000","31DEC2000","X","X","X","X","X","X","X","X","X",1419,2126
2001,"Cluster 28","Cl","01JAN2001","31DEC2001","X","X","X","X","X","X","X","X","X",1422,2061
2002,"Cluster 28","Cl","01JAN2002","31DEC2002","X","X","X","X","X","X","X","X","X",1531,2281
2003,"Cluster 28","Cl","01JAN2003","31DEC2003","X","X","X","X","X","X","X","X","X",1732,2550
2004,"Cluster 28","Cl","01JAN2004","31DEC2004","X","X","X","X","X","X","X","X","X",1887,2824
2005,"Cluster 28","Cl","01JAN2005","31DEC2005","X","X","X","X","X","X","X","X","X",1804,2867
2006,"Cluster 28","Cl","01JAN2006","31DEC2006","X","X","X","X","X","X","X","X","X",1725,2862
2007,"Cluster 28","Cl","01JAN2007","31DEC2007","X","X","X","X","X","X","X","X","X",1556,2811
2008,"Cluster 28","Cl","01JAN2008","31DEC2008","X","X","X","X","X","X","X","X","X",1556,3025
2009,"Cluster 28","Cl","01JAN2009","31DEC2009","X","X","X","X","X","X","X","X","X",1629,3475
2010,"Cluster 28","Cl","01JAN2010","31DEC2010","X","X","X","X","X","X","X","X","X",1620,3778
2011,"Cluster 28","Cl","01JAN2011","31DEC2011","X","X","X","X","X","X","X","X","X",1595,4162
2012,"Cluster 28","Cl","01JAN2012","31DEC2012","X","X","X","X","X","X","X","X","X",1697,4473
2013,"Cluster 28","Cl","01JAN2013","31DEC2013","X","X","X","X","X","X","X","X","X",1672,4664
2014,"Cluster 28","Cl","01JAN2014","31DEC2014","X","X","X","X","X","X","X","X","X",1713,4543
2015,"Cluster 28","Cl","01JAN2015","31DEC2015","X","X","X","X","X","X","X","X","X",1694,4718
2000,"Cluster 29","Cl","01JAN2000","31DEC2000","X","X","X","X","X","X","X","X","X",461,791
2001,"Cluster 29","Cl","01JAN2001","31DEC2001","X","X","X","X","X","X","X","X","X",467,750
2002,"Cluster 29","Cl","01JAN2002","31DEC2002","X","X","X","X","X","X","X","X","X",540,815
2003,"Cluster 29","Cl","01JAN2003","31DEC2003","X","X","X","X","X","X","X","X","X",533,839
2004,"Cluster 29","Cl","01JAN2004","31DEC2004","X","X","X","X","X","X","X","X","X",551,887
2005,"Cluster 29","Cl","01JAN2005","31DEC2005","X","X","X","X","X","X","X","X","X",570,989
2006,"Cluster 29","Cl","01JAN2006","31DEC2006","X","X","X","X","X","X","X","X","X",562,994
2007,"Cluster 29","Cl","01JAN2007","31DEC2007","X","X","X","X","X","X","X","X","X",594,948
2008,"Cluster 29","Cl","01JAN2008","31DEC2008","X","X","X","X","X","X","X","X","X",586,1000
2009,"Cluster 29","Cl","01JAN2009","31DEC2009","X","X","X","X","X","X","X","X","X",668,1186
2010,"Cluster 29","Cl","01JAN2010","31DEC2010","X","X","X","X","X","X","X","X","X",690,1282
2011,"Cluster 29","Cl","01JAN2011","31DEC2011","X","X","X","X","X","X","X","X","X",684,1417
2012,"Cluster 29","Cl","01JAN2012","31DEC2012","X","X","X","X","X","X","X","X","X",701,1459
2013,"Cluster 29","Cl","01JAN2013","31DEC2013","X","X","X","X","X","X","X","X","X",706,1498
2014,"Cluster 29","Cl","01JAN2014","31DEC2014","X","X","X","X","X","X","X","X","X",650,1449
2015,"Cluster 29","Cl","01JAN2015","31DEC2015","X","X","X","X","X","X","X","X","X",612,1447
2000,"Cluster 03","Cl","01JAN2000","31DEC2000","X","X","X","X","X","X","X","X","X",640,1232
2001,"Cluster 03","Cl","01JAN2001","31DEC2001","X","X","X","X","X","X","X","X","X",566,1134
2002,"Cluster 03","Cl","01JAN2002","31DEC2002","X","X","X","X","X","X","X","X","X",542,1109
2003,"Cluster 03","Cl","01JAN2003","31DEC2003","X","X","X","X","X","X","X","X","X",535,1134
2004,"Cluster 03","Cl","01JAN2004","31DEC2004","X","X","X","X","X","X","X","X","X",568,1141
2005,"Cluster 03","Cl","01JAN2005","31DEC2005","X","X","X","X","X","X","X","X","X",524,1094
2006,"Cluster 03","Cl","01JAN2006","31DEC2006","X","X","X","X","X","X","X","X","X",403,1018
2007,"Cluster 03","Cl","01JAN2007","31DEC2007","X","X","X","X","X","X","X","X","X",399,978
2008,"Cluster 03","Cl","01JAN2008","31DEC2008","X","X","X","X","X","X","X","X","X",380,952
2009,"Cluster 03","Cl","01JAN2009","31DEC2009","X","X","X","X","X","X","X","X","X",356,1060
2010,"Cluster 03","Cl","01JAN2010","31DEC2010","X","X","X","X","X","X","X","X","X",357,1251
2011,"Cluster 03","Cl","01JAN2011","31DEC2011","X","X","X","X","X","X","X","X","X",318,1400
2012,"Cluster 03","Cl","01JAN2012","31DEC2012","X","X","X","X","X","X","X","X","X",317,1432
2013,"Cluster 03","Cl","01JAN2013","31DEC2013","X","X","X","X","X","X","X","X","X",327,1395
2014,"Cluster 03","Cl","01JAN2014","31DEC2014","X","X","X","X","X","X","X","X","X",302,1270
2015,"Cluster 03","Cl","01JAN2015","31DEC2015","X","X","X","X","X","X","X","X","X",252,1238
2000,"Cluster 30","Cl","01JAN2000","31DEC2000","X","X","X","X","X","X","X","X","X",1050,1917
2001,"Cluster 30","Cl","01JAN2001","31DEC2001","X","X","X","X","X","X","X","X","X",988,1731
2002,"Cluster 30","Cl","01JAN2002","31DEC2002","X","X","X","X","X","X","X","X","X",1024,1785
2003,"Cluster 30","Cl","01JAN2003","31DEC2003","X","X","X","X","X","X","X","X","X",1006,1837
2004,"Cluster 30","Cl","01JAN2004","31DEC2004","X","X","X","X","X","X","X","X","X",1038,1985
2005,"Cluster 30","Cl","01JAN2005","31DEC2005","X","X","X","X","X","X","X","X","X",1089,2105
2006,"Cluster 30","Cl","01JAN2006","31DEC2006","X","X","X","X","X","X","X","X","X",1060,2172
2007,"Cluster 30","Cl","01JAN2007","31DEC2007","X","X","X","X","X","X","X","X","X",1117,2167
2008,"Cluster 30","Cl","01JAN2008","31DEC2008","X","X","X","X","X","X","X","X","X",1064,2136
2009,"Cluster 30","Cl","01JAN2009","31DEC2009","X","X","X","X","X","X","X","X","X",1073,2311
2010,"Cluster 30","Cl","01JAN2010","31DEC2010","X","X","X","X","X","X","X","X","X",1119,2606
2011,"Cluster 30","Cl","01JAN2011","31DEC2011","X","X","X","X","X","X","X","X","X",1136,2862
2012,"Cluster 30","Cl","01JAN2012","31DEC2012","X","X","X","X","X","X","X","X","X",1225,3020
2013,"Cluster 30","Cl","01JAN2013","31DEC2013","X","X","X","X","X","X","X","X","X",1223,3195
2014,"Cluster 30","Cl","01JAN2014","31DEC2014","X","X","X","X","X","X","X","X","X",1243,3257
2015,"Cluster 30","Cl","01JAN2015","31DEC2015","X","X","X","X","X","X","X","X","X",1245,3392
2000,"Cluster 31","Cl","01JAN2000","31DEC2000","X","X","X","X","X","X","X","X","X",2302,3885
2001,"Cluster 31","Cl","01JAN2001","31DEC2001","X","X","X","X","X","X","X","X","X",2325,3774
2002,"Cluster 31","Cl","01JAN2002","31DEC2002","X","X","X","X","X","X","X","X","X",2413,3811
2003,"Cluster 31","Cl","01JAN2003","31DEC2003","X","X","X","X","X","X","X","X","X",2401,4021
2004,"Cluster 31","Cl","01JAN2004","31DEC2004","X","X","X","X","X","X","X","X","X",2362,4094
2005,"Cluster 31","Cl","01JAN2005","31DEC2005","X","X","X","X","X","X","X","X","X",2522,4490
2006,"Cluster 31","Cl","01JAN2006","31DEC2006","X","X","X","X","X","X","X","X","X",2510,4650
2007,"Cluster 31","Cl","01JAN2007","31DEC2007","X","X","X","X","X","X","X","X","X",2422,4531
2008,"Cluster 31","Cl","01JAN2008","31DEC2008","X","X","X","X","X","X","X","X","X",2387,4663
2009,"Cluster 31","Cl","01JAN2009","31DEC2009","X","X","X","X","X","X","X","X","X",2536,5297
2010,"Cluster 31","Cl","01JAN2010","31DEC2010","X","X","X","X","X","X","X","X","X",2577,5682
2011,"Cluster 31","Cl","01JAN2011","31DEC2011","X","X","X","X","X","X","X","X","X",2537,6165
2012,"Cluster 31","Cl","01JAN2012","31DEC2012","X","X","X","X","X","X","X","X","X",2519,6391
2013,"Cluster 31","Cl","01JAN2013","31DEC2013","X","X","X","X","X","X","X","X","X",2521,6641
2014,"Cluster 31","Cl","01JAN2014","31DEC2014","X","X","X","X","X","X","X","X","X",2481,6558
2015,"Cluster 31","Cl","01JAN2015","31DEC2015","X","X","X","X","X","X","X","X","X",2486,6680
2000,"Cluster 32","Cl","01JAN2000","31DEC2000","X","X","X","X","X","X","X","X","X",1810,2860
2001,"Cluster 32","Cl","01JAN2001","31DEC2001","X","X","X","X","X","X","X","X","X",1873,2891
2002,"Cluster 32","Cl","01JAN2002","31DEC2002","X","X","X","X","X","X","X","X","X",1881,2920
2003,"Cluster 32","Cl","01JAN2003","31DEC2003","X","X","X","X","X","X","X","X","X",1784,3150
2004,"Cluster 32","Cl","01JAN2004","31DEC2004","X","X","X","X","X","X","X","X","X",1927,3465
2005,"Cluster 32","Cl","01JAN2005","31DEC2005","X","X","X","X","X","X","X","X","X",1927,3565
2006,"Cluster 32","Cl","01JAN2006","31DEC2006","X","X","X","X","X","X","X","X","X",1867,3739
2007,"Cluster 32","Cl","01JAN2007","31DEC2007","X","X","X","X","X","X","X","X","X",1772,3675
2008,"Cluster 32","Cl","01JAN2008","31DEC2008","X","X","X","X","X","X","X","X","X",1797,3971
2009,"Cluster 32","Cl","01JAN2009","31DEC2009","X","X","X","X","X","X","X","X","X",2050,4736
2010,"Cluster 32","Cl","01JAN2010","31DEC2010","X","X","X","X","X","X","X","X","X",1998,5105
2011,"Cluster 32","Cl","01JAN2011","31DEC2011","X","X","X","X","X","X","X","X","X",2073,5860
2012,"Cluster 32","Cl","01JAN2012","31DEC2012","X","X","X","X","X","X","X","X","X",2169,6258
2013,"Cluster 32","Cl","01JAN2013","31DEC2013","X","X","X","X","X","X","X","X","X",2149,6494
2014,"Cluster 32","Cl","01JAN2014","31DEC2014","X","X","X","X","X","X","X","X","X",2047,6240
2015,"Cluster 32","Cl","01JAN2015","31DEC2015","X","X","X","X","X","X","X","X","X",2041,6256
2000,"Cluster 33","Cl","01JAN2000","31DEC2000","X","X","X","X","X","X","X","X","X",3079,4912
2001,"Cluster 33","Cl","01JAN2001","31DEC2001","X","X","X","X","X","X","X","X","X",3250,4894
2002,"Cluster 33","Cl","01JAN2002","31DEC2002","X","X","X","X","X","X","X","X","X",3375,5053
2003,"Cluster 33","Cl","01JAN2003","31DEC2003","X","X","X","X","X","X","X","X","X",3187,5256
2004,"Cluster 33","Cl","01JAN2004","31DEC2004","X","X","X","X","X","X","X","X","X",3265,5408
2005,"Cluster 33","Cl","01JAN2005","31DEC2005","X","X","X","X","X","X","X","X","X",3238,5626
2006,"Cluster 33","Cl","01JAN2006","31DEC2006","X","X","X","X","X","X","X","X","X",3153,5691
2007,"Cluster 33","Cl","01JAN2007","31DEC2007","X","X","X","X","X","X","X","X","X",2982,5541
2008,"Cluster 33","Cl","01JAN2008","31DEC2008","X","X","X","X","X","X","X","X","X",2971,5612
2009,"Cluster 33","Cl","01JAN2009","31DEC2009","X","X","X","X","X","X","X","X","X",3220,6588
2010,"Cluster 33","Cl","01JAN2010","31DEC2010","X","X","X","X","X","X","X","X","X",3354,7671
2011,"Cluster 33","Cl","01JAN2011","31DEC2011","X","X","X","X","X","X","X","X","X",3558,8545
2012,"Cluster 33","Cl","01JAN2012","31DEC2012","X","X","X","X","X","X","X","X","X",3553,9005
2013,"Cluster 33","Cl","01JAN2013","31DEC2013","X","X","X","X","X","X","X","X","X",3644,9552
2014,"Cluster 33","Cl","01JAN2014","31DEC2014","X","X","X","X","X","X","X","X","X",3580,9195
2015,"Cluster 33","Cl","01JAN2015","31DEC2015","X","X","X","X","X","X","X","X","X",3379,8994
2000,"Cluster 34","Cl","01JAN2000","31DEC2000","X","X","X","X","X","X","X","X","X",1342,2329
2001,"Cluster 34","Cl","01JAN2001","31DEC2001","X","X","X","X","X","X","X","X","X",1345,2217
2002,"Cluster 34","Cl","01JAN2002","31DEC2002","X","X","X","X","X","X","X","X","X",1469,2483
2003,"Cluster 34","Cl","01JAN2003","31DEC2003","X","X","X","X","X","X","X","X","X",1536,2857
2004,"Cluster 34","Cl","01JAN2004","31DEC2004","X","X","X","X","X","X","X","X","X",1580,2949
2005,"Cluster 34","Cl","01JAN2005","31DEC2005","X","X","X","X","X","X","X","X","X",1653,3298
2006,"Cluster 34","Cl","01JAN2006","31DEC2006","X","X","X","X","X","X","X","X","X",1630,3438
2007,"Cluster 34","Cl","01JAN2007","31DEC2007","X","X","X","X","X","X","X","X","X",1627,3555
2008,"Cluster 34","Cl","01JAN2008","31DEC2008","X","X","X","X","X","X","X","X","X",1626,3782
2009,"Cluster 34","Cl","01JAN2009","31DEC2009","X","X","X","X","X","X","X","X","X",1809,4471
2010,"Cluster 34","Cl","01JAN2010","31DEC2010","X","X","X","X","X","X","X","X","X",1892,5262
2011,"Cluster 34","Cl","01JAN2011","31DEC2011","X","X","X","X","X","X","X","X","X",2034,6123
2012,"Cluster 34","Cl","01JAN2012","31DEC2012","X","X","X","X","X","X","X","X","X",2199,6671
2013,"Cluster 34","Cl","01JAN2013","31DEC2013","X","X","X","X","X","X","X","X","X",2244,6942
2014,"Cluster 34","Cl","01JAN2014","31DEC2014","X","X","X","X","X","X","X","X","X",2303,6751
2015,"Cluster 34","Cl","01JAN2015","31DEC2015","X","X","X","X","X","X","X","X","X",2236,6788
2000,"Cluster 35","Cl","01JAN2000","31DEC2000","X","X","X","X","X","X","X","X","X",329,592
2001,"Cluster 35","Cl","01JAN2001","31DEC2001","X","X","X","X","X","X","X","X","X",354,601
2002,"Cluster 35","Cl","01JAN2002","31DEC2002","X","X","X","X","X","X","X","X","X",391,667
2003,"Cluster 35","Cl","01JAN2003","31DEC2003","X","X","X","X","X","X","X","X","X",344,704
2004,"Cluster 35","Cl","01JAN2004","31DEC2004","X","X","X","X","X","X","X","X","X",367,754
2005,"Cluster 35","Cl","01JAN2005","31DEC2005","X","X","X","X","X","X","X","X","X",386,806
2006,"Cluster 35","Cl","01JAN2006","31DEC2006","X","X","X","X","X","X","X","X","X",388,784
2007,"Cluster 35","Cl","01JAN2007","31DEC2007","X","X","X","X","X","X","X","X","X",359,761
2008,"Cluster 35","Cl","01JAN2008","31DEC2008","X","X","X","X","X","X","X","X","X",354,803
2009,"Cluster 35","Cl","01JAN2009","31DEC2009","X","X","X","X","X","X","X","X","X",448,1074
2010,"Cluster 35","Cl","01JAN2010","31DEC2010","X","X","X","X","X","X","X","X","X",473,1277
2011,"Cluster 35","Cl","01JAN2011","31DEC2011","X","X","X","X","X","X","X","X","X",548,1573
2012,"Cluster 35","Cl","01JAN2012","31DEC2012","X","X","X","X","X","X","X","X","X",565,1766
2013,"Cluster 35","Cl","01JAN2013","31DEC2013","X","X","X","X","X","X","X","X","X",581,1853
2014,"Cluster 35","Cl","01JAN2014","31DEC2014","X","X","X","X","X","X","X","X","X",606,1793
2015,"Cluster 35","Cl","01JAN2015","31DEC2015","X","X","X","X","X","X","X","X","X",568,1769
2000,"Cluster 36","Cl","01JAN2000","31DEC2000","X","X","X","X","X","X","X","X","X",1559,2458
2001,"Cluster 36","Cl","01JAN2001","31DEC2001","X","X","X","X","X","X","X","X","X",1733,2391
2002,"Cluster 36","Cl","01JAN2002","31DEC2002","X","X","X","X","X","X","X","X","X",1766,2413
2003,"Cluster 36","Cl","01JAN2003","31DEC2003","X","X","X","X","X","X","X","X","X",1686,2620
2004,"Cluster 36","Cl","01JAN2004","31DEC2004","X","X","X","X","X","X","X","X","X",1738,2820
2005,"Cluster 36","Cl","01JAN2005","31DEC2005","X","X","X","X","X","X","X","X","X",1643,2740
2006,"Cluster 36","Cl","01JAN2006","31DEC2006","X","X","X","X","X","X","X","X","X",1461,2627
2007,"Cluster 36","Cl","01JAN2007","31DEC2007","X","X","X","X","X","X","X","X","X",1428,2570
2008,"Cluster 36","Cl","01JAN2008","31DEC2008","X","X","X","X","X","X","X","X","X",1580,2755
2009,"Cluster 36","Cl","01JAN2009","31DEC2009","X","X","X","X","X","X","X","X","X",1742,3141
2010,"Cluster 36","Cl","01JAN2010","31DEC2010","X","X","X","X","X","X","X","X","X",1827,3541
2011,"Cluster 36","Cl","01JAN2011","31DEC2011","X","X","X","X","X","X","X","X","X",1861,4041
2012,"Cluster 36","Cl","01JAN2012","31DEC2012","X","X","X","X","X","X","X","X","X",1958,4426
2013,"Cluster 36","Cl","01JAN2013","31DEC2013","X","X","X","X","X","X","X","X","X",1955,4569
2014,"Cluster 36","Cl","01JAN2014","31DEC2014","X","X","X","X","X","X","X","X","X",1939,4355
2015,"Cluster 36","Cl","01JAN2015","31DEC2015","X","X","X","X","X","X","X","X","X",1787,4288
2000,"Cluster 37","Cl","01JAN2000","31DEC2000","X","X","X","X","X","X","X","X","X",2833,4150
2001,"Cluster 37","Cl","01JAN2001","31DEC2001","X","X","X","X","X","X","X","X","X",2790,3787
2002,"Cluster 37","Cl","01JAN2002","31DEC2002","X","X","X","X","X","X","X","X","X",2712,3951
2003,"Cluster 37","Cl","01JAN2003","31DEC2003","X","X","X","X","X","X","X","X","X",2738,4283
2004,"Cluster 37","Cl","01JAN2004","31DEC2004","X","X","X","X","X","X","X","X","X",2821,4405
2005,"Cluster 37","Cl","01JAN2005","31DEC2005","X","X","X","X","X","X","X","X","X",2814,4566
2006,"Cluster 37","Cl","01JAN2006","31DEC2006","X","X","X","X","X","X","X","X","X",2662,4366
2007,"Cluster 37","Cl","01JAN2007","31DEC2007","X","X","X","X","X","X","X","X","X",2528,4266
2008,"Cluster 37","Cl","01JAN2008","31DEC2008","X","X","X","X","X","X","X","X","X",2559,4449
2009,"Cluster 37","Cl","01JAN2009","31DEC2009","X","X","X","X","X","X","X","X","X",2693,4798
2010,"Cluster 37","Cl","01JAN2010","31DEC2010","X","X","X","X","X","X","X","X","X",2628,5171
2011,"Cluster 37","Cl","01JAN2011","31DEC2011","X","X","X","X","X","X","X","X","X",2753,5675
2012,"Cluster 37","Cl","01JAN2012","31DEC2012","X","X","X","X","X","X","X","X","X",2835,5999
2013,"Cluster 37","Cl","01JAN2013","31DEC2013","X","X","X","X","X","X","X","X","X",2925,6351
2014,"Cluster 37","Cl","01JAN2014","31DEC2014","X","X","X","X","X","X","X","X","X",2852,6098
2015,"Cluster 37","Cl","01JAN2015","31DEC2015","X","X","X","X","X","X","X","X","X",2580,6075
2000,"Cluster 38","Cl","01JAN2000","31DEC2000","X","X","X","X","X","X","X","X","X",3206,4672
2001,"Cluster 38","Cl","01JAN2001","31DEC2001","X","X","X","X","X","X","X","X","X",3005,4109
2002,"Cluster 38","Cl","01JAN2002","31DEC2002","X","X","X","X","X","X","X","X","X",2812,3834
2003,"Cluster 38","Cl","01JAN2003","31DEC2003","X","X","X","X","X","X","X","X","X",2829,3986
2004,"Cluster 38","Cl","01JAN2004","31DEC2004","X","X","X","X","X","X","X","X","X",2917,4227
2005,"Cluster 38","Cl","01JAN2005","31DEC2005","X","X","X","X","X","X","X","X","X",2789,4117
2006,"Cluster 38","Cl","01JAN2006","31DEC2006","X","X","X","X","X","X","X","X","X",2566,3994
2007,"Cluster 38","Cl","01JAN2007","31DEC2007","X","X","X","X","X","X","X","X","X",2536,4138
2008,"Cluster 38","Cl","01JAN2008","31DEC2008","X","X","X","X","X","X","X","X","X",2393,4033
2009,"Cluster 38","Cl","01JAN2009","31DEC2009","X","X","X","X","X","X","X","X","X",2626,4719
2010,"Cluster 38","Cl","01JAN2010","31DEC2010","X","X","X","X","X","X","X","X","X",2608,5377
2011,"Cluster 38","Cl","01JAN2011","31DEC2011","X","X","X","X","X","X","X","X","X",2645,6029
2012,"Cluster 38","Cl","01JAN2012","31DEC2012","X","X","X","X","X","X","X","X","X",2750,6450
2013,"Cluster 38","Cl","01JAN2013","31DEC2013","X","X","X","X","X","X","X","X","X",2759,6610
2014,"Cluster 38","Cl","01JAN2014","31DEC2014","X","X","X","X","X","X","X","X","X",2720,6463
2015,"Cluster 38","Cl","01JAN2015","31DEC2015","X","X","X","X","X","X","X","X","X",2463,6392
2000,"Cluster 39","Cl","01JAN2000","31DEC2000","X","X","X","X","X","X","X","X","X",6368,9530
2001,"Cluster 39","Cl","01JAN2001","31DEC2001","X","X","X","X","X","X","X","X","X",6137,8876
2002,"Cluster 39","Cl","01JAN2002","31DEC2002","X","X","X","X","X","X","X","X","X",6293,9159
2003,"Cluster 39","Cl","01JAN2003","31DEC2003","X","X","X","X","X","X","X","X","X",6478,9797
2004,"Cluster 39","Cl","01JAN2004","31DEC2004","X","X","X","X","X","X","X","X","X",6377,10081
2005,"Cluster 39","Cl","01JAN2005","31DEC2005","X","X","X","X","X","X","X","X","X",6090,9884
2006,"Cluster 39","Cl","01JAN2006","31DEC2006","X","X","X","X","X","X","X","X","X",5471,9805
2007,"Cluster 39","Cl","01JAN2007","31DEC2007","X","X","X","X","X","X","X","X","X",5418,9848
2008,"Cluster 39","Cl","01JAN2008","31DEC2008","X","X","X","X","X","X","X","X","X",5873,10848
2009,"Cluster 39","Cl","01JAN2009","31DEC2009","X","X","X","X","X","X","X","X","X",6326,12801
2010,"Cluster 39","Cl","01JAN2010","31DEC2010","X","X","X","X","X","X","X","X","X",6679,14658
2011,"Cluster 39","Cl","01JAN2011","31DEC2011","X","X","X","X","X","X","X","X","X",6819,16206
2012,"Cluster 39","Cl","01JAN2012","31DEC2012","X","X","X","X","X","X","X","X","X",6874,17120
2013,"Cluster 39","Cl","01JAN2013","31DEC2013","X","X","X","X","X","X","X","X","X",7030,17836
2014,"Cluster 39","Cl","01JAN2014","31DEC2014","X","X","X","X","X","X","X","X","X",7167,17982
2015,"Cluster 39","Cl","01JAN2015","31DEC2015","X","X","X","X","X","X","X","X","X",6825,18073
2000,"Cluster 04","Cl","01JAN2000","31DEC2000","X","X","X","X","X","X","X","X","X",6.0,14
2001,"Cluster 04","Cl","01JAN2001","31DEC2001","X","X","X","X","X","X","X","X","X",6.3,17
2002,"Cluster 04","Cl","01JAN2002","31DEC2002","X","X","X","X","X","X","X","X","X",7.6,18
2003,"Cluster 04","Cl","01JAN2003","31DEC2003","X","X","X","X","X","X","X","X","X",6.5,16
2004,"Cluster 04","Cl","01JAN2004","31DEC2004","X","X","X","X","X","X","X","X","X",9.5,17
2005,"Cluster 04","Cl","01JAN2005","31DEC2005","X","X","X","X","X","X","X","X","X",6.7,23
2006,"Cluster 04","Cl","01JAN2006","31DEC2006","X","X","X","X","X","X","X","X","X",1.3,18
2007,"Cluster 04","Cl","01JAN2007","31DEC2007","X","X","X","X","X","X","X","X","X",5.5,33
2008,"Cluster 04","Cl","01JAN2008","31DEC2008","X","X","X","X","X","X","X","X","X",4.1,26
2009,"Cluster 04","Cl","01JAN2009","31DEC2009","X","X","X","X","X","X","X","X","X",6.4,37
2010,"Cluster 04","Cl","01JAN2010","31DEC2010","X","X","X","X","X","X","X","X","X",7.7,42
2011,"Cluster 04","Cl","01JAN2011","31DEC2011","X","X","X","X","X","X","X","X","X",10,63
2012,"Cluster 04","Cl","01JAN2012","31DEC2012","X","X","X","X","X","X","X","X","X",7.5,66
2013,"Cluster 04","Cl","01JAN2013","31DEC2013","X","X","X","X","X","X","X","X","X",5.9,57
2014,"Cluster 04","Cl","01JAN2014","31DEC2014","X","X","X","X","X","X","X","X","X",5.4,62
2015,"Cluster 04","Cl","01JAN2015","31DEC2015","X","X","X","X","X","X","X","X","X",4.9,58
2000,"Cluster 40","Cl","01JAN2000","31DEC2000","X","X","X","X","X","X","X","X","X",5.0,12
2001,"Cluster 40","Cl","01JAN2001","31DEC2001","X","X","X","X","X","X","X","X","X",7.0,12
2002,"Cluster 40","Cl","01JAN2002","31DEC2002","X","X","X","X","X","X","X","X","X",9.0,12
2003,"Cluster 40","Cl","01JAN2003","31DEC2003","X","X","X","X","X","X","X","X","X",7.5,18
2004,"Cluster 40","Cl","01JAN2004","31DEC2004","X","X","X","X","X","X","X","X","X",9.5,15
2005,"Cluster 40","Cl","01JAN2005","31DEC2005","X","X","X","X","X","X","X","X","X",7.0,15
2006,"Cluster 40","Cl","01JAN2006","31DEC2006","X","X","X","X","X","X","X","X","X",9.0,12
2007,"Cluster 40","Cl","01JAN2007","31DEC2007","X","X","X","X","X","X","X","X","X",16,30
2008,"Cluster 40","Cl","01JAN2008","31DEC2008","X","X","X","X","X","X","X","X","X",21,43
2009,"Cluster 40","Cl","01JAN2009","31DEC2009","X","X","X","X","X","X","X","X","X",22,54
2010,"Cluster 40","Cl","01JAN2010","31DEC2010","X","X","X","X","X","X","X","X","X",13,64
2011,"Cluster 40","Cl","01JAN2011","31DEC2011","X","X","X","X","X","X","X","X","X",17,69
2012,"Cluster 40","Cl","01JAN2012","31DEC2012","X","X","X","X","X","X","X","X","X",30,86
2013,"Cluster 40","Cl","01JAN2013","31DEC2013","X","X","X","X","X","X","X","X","X",34,99
2014,"Cluster 40","Cl","01JAN2014","31DEC2014","X","X","X","X","X","X","X","X","X",31,103
2015,"Cluster 40","Cl","01JAN2015","31DEC2015","X","X","X","X","X","X","X","X","X",30,98
2000,"Cluster 41","Cl","01JAN2000","31DEC2000","X","X","X","X","X","X","X","X","X",3.6,7.2
2001,"Cluster 41","Cl","01JAN2001","31DEC2001","X","X","X","X","X","X","X","X","X",3.1,6.8
2002,"Cluster 41","Cl","01JAN2002","31DEC2002","X","X","X","X","X","X","X","X","X",2.2,5.6
2003,"Cluster 41","Cl","01JAN2003","31DEC2003","X","X","X","X","X","X","X","X","X",2.8,7.8
2004,"Cluster 41","Cl","01JAN2004","31DEC2004","X","X","X","X","X","X","X","X","X",3.0,9.0
2005,"Cluster 41","Cl","01JAN2005","31DEC2005","X","X","X","X","X","X","X","X","X",3.3,9.5
2006,"Cluster 41","Cl","01JAN2006","31DEC2006","X","X","X","X","X","X","X","X","X",3.7,10
2007,"Cluster 41","Cl","01JAN2007","31DEC2007","X","X","X","X","X","X","X","X","X",3.4,10
2008,"Cluster 41","Cl","01JAN2008","31DEC2008","X","X","X","X","X","X","X","X","X",3.6,11
2009,"Cluster 41","Cl","01JAN2009","31DEC2009","X","X","X","X","X","X","X","X","X",4.6,17
2010,"Cluster 41","Cl","01JAN2010","31DEC2010","X","X","X","X","X","X","X","X","X",5.1,21
2011,"Cluster 41","Cl","01JAN2011","31DEC2011","X","X","X","X","X","X","X","X","X",5.7,25
2012,"Cluster 41","Cl","01JAN2012","31DEC2012","X","X","X","X","X","X","X","X","X",6.5,30
2013,"Cluster 41","Cl","01JAN2013","31DEC2013","X","X","X","X","X","X","X","X","X",5.8,30
2014,"Cluster 41","Cl","01JAN2014","31DEC2014","X","X","X","X","X","X","X","X","X",6.3,30
2015,"Cluster 41","Cl","01JAN2015","31DEC2015","X","X","X","X","X","X","X","X","X",6.1,32
2000,"Cluster 43","Cl","01JAN2000","31DEC2000","X","X","X","X","X","X","X","X","X",120,205
2001,"Cluster 43","Cl","01JAN2001","31DEC2001","X","X","X","X","X","X","X","X","X",104,157
2002,"Cluster 43","Cl","01JAN2002","31DEC2002","X","X","X","X","X","X","X","X","X",74,137
2003,"Cluster 43","Cl","01JAN2003","31DEC2003","X","X","X","X","X","X","X","X","X",66,134
2004,"Cluster 43","Cl","01JAN2004","31DEC2004","X","X","X","X","X","X","X","X","X",70,155
2005,"Cluster 43","Cl","01JAN2005","31DEC2005","X","X","X","X","X","X","X","X","X",74,209
2006,"Cluster 43","Cl","01JAN2006","31DEC2006","X","X","X","X","X","X","X","X","X",74,362
2007,"Cluster 43","Cl","01JAN2007","31DEC2007","X","X","X","X","X","X","X","X","X",68,416
2008,"Cluster 43","Cl","01JAN2008","31DEC2008","X","X","X","X","X","X","X","X","X",40,423
2009,"Cluster 43","Cl","01JAN2009","31DEC2009","X","X","X","X","X","X","X","X","X",45,458
2010,"Cluster 43","Cl","01JAN2010","31DEC2010","X","X","X","X","X","X","X","X","X",50,465
2011,"Cluster 43","Cl","01JAN2011","31DEC2011","X","X","X","X","X","X","X","X","X",48,470
2012,"Cluster 43","Cl","01JAN2012","31DEC2012","X","X","X","X","X","X","X","X","X",55,480
2013,"Cluster 43","Cl","01JAN2013","31DEC2013","X","X","X","X","X","X","X","X","X",56,482
2014,"Cluster 43","Cl","01JAN2014","31DEC2014","X","X","X","X","X","X","X","X","X",50,452
2015,"Cluster 43","Cl","01JAN2015","31DEC2015","X","X","X","X","X","X","X","X","X",47,409
2000,"Cluster 44","Cl","01JAN2000","31DEC2000","X","X","X","X","X","X","X","X","X",173,289
2001,"Cluster 44","Cl","01JAN2001","31DEC2001","X","X","X","X","X","X","X","X","X",211,297
2002,"Cluster 44","Cl","01JAN2002","31DEC2002","X","X","X","X","X","X","X","X","X",291,375
2003,"Cluster 44","Cl","01JAN2003","31DEC2003","X","X","X","X","X","X","X","X","X",312,403
2004,"Cluster 44","Cl","01JAN2004","31DEC2004","X","X","X","X","X","X","X","X","X",282,397
2005,"Cluster 44","Cl","01JAN2005","31DEC2005","X","X","X","X","X","X","X","X","X",275,417
2006,"Cluster 44","Cl","01JAN2006","31DEC2006","X","X","X","X","X","X","X","X","X",269,483
2007,"Cluster 44","Cl","01JAN2007","31DEC2007","X","X","X","X","X","X","X","X","X",359,576
2008,"Cluster 44","Cl","01JAN2008","31DEC2008","X","X","X","X","X","X","X","X","X",224,422
2009,"Cluster 44","Cl","01JAN2009","31DEC2009","X","X","X","X","X","X","X","X","X",186,440
2010,"Cluster 44","Cl","01JAN2010","31DEC2010","X","X","X","X","X","X","X","X","X",195,502
2011,"Cluster 44","Cl","01JAN2011","31DEC2011","X","X","X","X","X","X","X","X","X",199,570
2012,"Cluster 44","Cl","01JAN2012","31DEC2012","X","X","X","X","X","X","X","X","X",205,596
2013,"Cluster 44","Cl","01JAN2013","31DEC2013","X","X","X","X","X","X","X","X","X",208,617
2014,"Cluster 44","Cl","01JAN2014","31DEC2014","X","X","X","X","X","X","X","X","X",217,650
2015,"Cluster 44","Cl","01JAN2015","31DEC2015","X","X","X","X","X","X","X","X","X",203,666
2000,"Cluster 46","Cl","01JAN2000","31DEC2000","X","X","X","X","X","X","X","X","X",8.0,11
2001,"Cluster 46","Cl","01JAN2001","31DEC2001","X","X","X","X","X","X","X","X","X",8.0,12
2002,"Cluster 46","Cl","01JAN2002","31DEC2002","X","X","X","X","X","X","X","X","X",11,20
2003,"Cluster 46","Cl","01JAN2003","31DEC2003","X","X","X","X","X","X","X","X","X",13,19
2004,"Cluster 46","Cl","01JAN2004","31DEC2004","X","X","X","X","X","X","X","X","X",15,22
2005,"Cluster 46","Cl","01JAN2005","31DEC2005","X","X","X","X","X","X","X","X","X",16,13
2006,"Cluster 46","Cl","01JAN2006","31DEC2006","X","X","X","X","X","X","X","X","X",0.0,5.5
2007,"Cluster 46","Cl","01JAN2007","31DEC2007","X","X","X","X","X","X","X","X","X",6.0,10
2008,"Cluster 46","Cl","01JAN2008","31DEC2008","X","X","X","X","X","X","X","X","X",3.0,10
2009,"Cluster 46","Cl","01JAN2009","31DEC2009","X","X","X","X","X","X","X","X","X",3.0,9.5
2010,"Cluster 46","Cl","01JAN2010","31DEC2010","X","X","X","X","X","X","X","X","X",4.0,13
2011,"Cluster 46","Cl","01JAN2011","31DEC2011","X","X","X","X","X","X","X","X","X",4.0,15
2012,"Cluster 46","Cl","01JAN2012","31DEC2012","X","X","X","X","X","X","X","X","X",3.5,13
2013,"Cluster 46","Cl","01JAN2013","31DEC2013","X","X","X","X","X","X","X","X","X",2.0,11
2014,"Cluster 46","Cl","01JAN2014","31DEC2014","X","X","X","X","X","X","X","X","X",3.0,13
2015,"Cluster 46","Cl","01JAN2015","31DEC2015","X","X","X","X","X","X","X","X","X",2.0,7.5
2000,"Cluster 05","Cl","01JAN2000","31DEC2000","X","X","X","X","X","X","X","X","X",3.0,64
2001,"Cluster 05","Cl","01JAN2001","31DEC2001","X","X","X","X","X","X","X","X","X",1.0,50
2002,"Cluster 05","Cl","01JAN2002","31DEC2002","X","X","X","X","X","X","X","X","X",0.8,43
2003,"Cluster 05","Cl","01JAN2003","31DEC2003","X","X","X","X","X","X","X","X","X",0.8,31
2004,"Cluster 05","Cl","01JAN2004","31DEC2004","X","X","X","X","X","X","X","X","X",10,39
2005,"Cluster 05","Cl","01JAN2005","31DEC2005","X","X","X","X","X","X","X","X","X",3.5,39
2006,"Cluster 05","Cl","01JAN2006","31DEC2006","X","X","X","X","X","X","X","X","X",8.0,48
2007,"Cluster 05","Cl","01JAN2007","31DEC2007","X","X","X","X","X","X","X","X","X",25,79
2008,"Cluster 05","Cl","01JAN2008","31DEC2008","X","X","X","X","X","X","X","X","X",31,86
2009,"Cluster 05","Cl","01JAN2009","31DEC2009","X","X","X","X","X","X","X","X","X",19,74
2010,"Cluster 05","Cl","01JAN2010","31DEC2010","X","X","X","X","X","X","X","X","X",27,97
2011,"Cluster 05","Cl","01JAN2011","31DEC2011","X","X","X","X","X","X","X","X","X",35,111
2012,"Cluster 05","Cl","01JAN2012","31DEC2012","X","X","X","X","X","X","X","X","X",31,114
2013,"Cluster 05","Cl","01JAN2013","31DEC2013","X","X","X","X","X","X","X","X","X",24,122
2014,"Cluster 05","Cl","01JAN2014","31DEC2014","X","X","X","X","X","X","X","X","X",12,101
2015,"Cluster 05","Cl","01JAN2015","31DEC2015","X","X","X","X","X","X","X","X","X",18,149
2000,"Cluster 06","Cl","01JAN2000","31DEC2000","X","X","X","X","X","X","X","X","X",188,453
2001,"Cluster 06","Cl","01JAN2001","31DEC2001","X","X","X","X","X","X","X","X","X",185,425
2002,"Cluster 06","Cl","01JAN2002","31DEC2002","X","X","X","X","X","X","X","X","X",193,445
2003,"Cluster 06","Cl","01JAN2003","31DEC2003","X","X","X","X","X","X","X","X","X",186,449
2004,"Cluster 06","Cl","01JAN2004","31DEC2004","X","X","X","X","X","X","X","X","X",188,436
2005,"Cluster 06","Cl","01JAN2005","31DEC2005","X","X","X","X","X","X","X","X","X",171,425
2006,"Cluster 06","Cl","01JAN2006","31DEC2006","X","X","X","X","X","X","X","X","X",156,417
2007,"Cluster 06","Cl","01JAN2007","31DEC2007","X","X","X","X","X","X","X","X","X",150,416
2008,"Cluster 06","Cl","01JAN2008","31DEC2008","X","X","X","X","X","X","X","X","X",120,372
2009,"Cluster 06","Cl","01JAN2009","31DEC2009","X","X","X","X","X","X","X","X","X",137,421
2010,"Cluster 06","Cl","01JAN2010","31DEC2010","X","X","X","X","X","X","X","X","X",145,503
2011,"Cluster 06","Cl","01JAN2011","31DEC2011","X","X","X","X","X","X","X","X","X",106,506
2012,"Cluster 06","Cl","01JAN2012","31DEC2012","X","X","X","X","X","X","X","X","X",93,519
2013,"Cluster 06","Cl","01JAN2013","31DEC2013","X","X","X","X","X","X","X","X","X",89,509
2014,"Cluster 06","Cl","01JAN2014","31DEC2014","X","X","X","X","X","X","X","X","X",63,473
2015,"Cluster 06","Cl","01JAN2015","31DEC2015","X","X","X","X","X","X","X","X","X",55,420
2000,"Cluster 07","Cl","01JAN2000","31DEC2000","X","X","X","X","X","X","X","X","X",809,1852
2001,"Cluster 07","Cl","01JAN2001","31DEC2001","X","X","X","X","X","X","X","X","X",853,1843
2002,"Cluster 07","Cl","01JAN2002","31DEC2002","X","X","X","X","X","X","X","X","X",890,1923
2003,"Cluster 07","Cl","01JAN2003","31DEC2003","X","X","X","X","X","X","X","X","X",910,1994
2004,"Cluster 07","Cl","01JAN2004","31DEC2004","X","X","X","X","X","X","X","X","X",907,2007
2005,"Cluster 07","Cl","01JAN2005","31DEC2005","X","X","X","X","X","X","X","X","X",871,2093
2006,"Cluster 07","Cl","01JAN2006","31DEC2006","X","X","X","X","X","X","X","X","X",757,2085
2007,"Cluster 07","Cl","01JAN2007","31DEC2007","X","X","X","X","X","X","X","X","X",724,2032
2008,"Cluster 07","Cl","01JAN2008","31DEC2008","X","X","X","X","X","X","X","X","X",622,1946
2009,"Cluster 07","Cl","01JAN2009","31DEC2009","X","X","X","X","X","X","X","X","X",635,2105
2010,"Cluster 07","Cl","01JAN2010","31DEC2010","X","X","X","X","X","X","X","X","X",637,2407
2011,"Cluster 07","Cl","01JAN2011","31DEC2011","X","X","X","X","X","X","X","X","X",622,2694
2012,"Cluster 07","Cl","01JAN2012","31DEC2012","X","X","X","X","X","X","X","X","X",610,2773
2013,"Cluster 07","Cl","01JAN2013","31DEC2013","X","X","X","X","X","X","X","X","X",576,2836
2014,"Cluster 07","Cl","01JAN2014","31DEC2014","X","X","X","X","X","X","X","X","X",505,2624
2015,"Cluster 07","Cl","01JAN2015","31DEC2015","X","X","X","X","X","X","X","X","X",469,2594
2000,"Cluster 08","Cl","01JAN2000","31DEC2000","X","X","X","X","X","X","X","X","X",1188,3307
2001,"Cluster 08","Cl","01JAN2001","31DEC2001","X","X","X","X","X","X","X","X","X",1281,3110
2002,"Cluster 08","Cl","01JAN2002","31DEC2002","X","X","X","X","X","X","X","X","X",1376,3298
2003,"Cluster 08","Cl","01JAN2003","31DEC2003","X","X","X","X","X","X","X","X","X",1494,3848
2004,"Cluster 08","Cl","01JAN2004","31DEC2004","X","X","X","X","X","X","X","X","X",1532,3950
2005,"Cluster 08","Cl","01JAN2005","31DEC2005","X","X","X","X","X","X","X","X","X",1555,4023
2006,"Cluster 08","Cl","01JAN2006","31DEC2006","X","X","X","X","X","X","X","X","X",1390,3934
2007,"Cluster 08","Cl","01JAN2007","31DEC2007","X","X","X","X","X","X","X","X","X",1274,3563
2008,"Cluster 08","Cl","01JAN2008","31DEC2008","X","X","X","X","X","X","X","X","X",1031,3248
2009,"Cluster 08","Cl","01JAN2009","31DEC2009","X","X","X","X","X","X","X","X","X",863,3138
2010,"Cluster 08","Cl","01JAN2010","31DEC2010","X","X","X","X","X","X","X","X","X",877,3393
2011,"Cluster 08","Cl","01JAN2011","31DEC2011","X","X","X","X","X","X","X","X","X",913,3732
2012,"Cluster 08","Cl","01JAN2012","31DEC2012","X","X","X","X","X","X","X","X","X",933,3891
2013,"Cluster 08","Cl","01JAN2013","31DEC2013","X","X","X","X","X","X","X","X","X",904,3920
2014,"Cluster 08","Cl","01JAN2014","31DEC2014","X","X","X","X","X","X","X","X","X",874,3625
2015,"Cluster 08","Cl","01JAN2015","31DEC2015","X","X","X","X","X","X","X","X","X",770,3538
2000,"Cluster 09","Cl","01JAN2000","31DEC2000","X","X","X","X","X","X","X","X","X",963,1684
2001,"Cluster 09","Cl","01JAN2001","31DEC2001","X","X","X","X","X","X","X","X","X",936,1637
2002,"Cluster 09","Cl","01JAN2002","31DEC2002","X","X","X","X","X","X","X","X","X",893,1684
2003,"Cluster 09","Cl","01JAN2003","31DEC2003","X","X","X","X","X","X","X","X","X",952,1846
2004,"Cluster 09","Cl","01JAN2004","31DEC2004","X","X","X","X","X","X","X","X","X",1049,2048
2005,"Cluster 09","Cl","01JAN2005","31DEC2005","X","X","X","X","X","X","X","X","X",1018,2017
2006,"Cluster 09","Cl","01JAN2006","31DEC2006","X","X","X","X","X","X","X","X","X",963,1955
2007,"Cluster 09","Cl","01JAN2007","31DEC2007","X","X","X","X","X","X","X","X","X",887,1844
2008,"Cluster 09","Cl","01JAN2008","31DEC2008","X","X","X","X","X","X","X","X","X",907,1991
2009,"Cluster 09","Cl","01JAN2009","31DEC2009","X","X","X","X","X","X","X","X","X",949,2143
2010,"Cluster 09","Cl","01JAN2010","31DEC2010","X","X","X","X","X","X","X","X","X",1001,2419
2011,"Cluster 09","Cl","01JAN2011","31DEC2011","X","X","X","X","X","X","X","X","X",981,2577
2012,"Cluster 09","Cl","01JAN2012","31DEC2012","X","X","X","X","X","X","X","X","X",965,2665
2013,"Cluster 09","Cl","01JAN2013","31DEC2013","X","X","X","X","X","X","X","X","X",957,2637
2014,"Cluster 09","Cl","01JAN2014","31DEC2014","X","X","X","X","X","X","X","X","X",907,2558
2015,"Cluster 09","Cl","01JAN2015","31DEC2015","X","X","X","X","X","X","X","X","X",807,2505

