"start_date","end_date","cluster2017","timeframe","cluster2017_nf","Crimes_pt1_property_per1000","Crimes_pt1_violent_per1000","indc"
"01JAN2000","31DEC2000","Cluster 01",2000,"Cluster 1",52,8.7,1
"01JAN2001","31DEC2001","Cluster 01",2001,"Cluster 1",59,12,1
"01JAN2002","31DEC2002","Cluster 01",2002,"Cluster 1",57,14,1
"01JAN2003","31DEC2003","Cluster 01",2003,"Cluster 1",61,12,1
"01JAN2004","31DEC2004","Cluster 01",2004,"Cluster 1",42,13,1
"01JAN2005","31DEC2005","Cluster 01",2005,"Cluster 1",43,12,1
"01JAN2006","31DEC2006","Cluster 01",2006,"Cluster 1",49,11,1
"01JAN2007","31DEC2007","Cluster 01",2007,"Cluster 1",47,12,1
"01JAN2008","31DEC2008","Cluster 01",2008,"Cluster 1",41,11,1
"01JAN2009","31DEC2009","Cluster 01",2009,"Cluster 1",39,9.7,1
"01JAN2010","31DEC2010","Cluster 01",2010,"Cluster 1",36,8.9,1
"01JAN2011","31DEC2011","Cluster 01",2011,"Cluster 1",41,9.3,1
"01JAN2012","31DEC2012","Cluster 01",2012,"Cluster 1",45,9.2,1
"01JAN2013","31DEC2013","Cluster 01",2013,"Cluster 1",44,8.0,1
"01JAN2014","31DEC2014","Cluster 01",2014,"Cluster 1",48,4.6,1
"01JAN2015","31DEC2015","Cluster 01",2015,"Cluster 1",42,6.3,1
"01JAN2016","31DEC2016","Cluster 01",2016,"Cluster 1",41,4.8,1
"01JAN2017","31DEC2017","Cluster 01",2017,"Cluster 1",32,3.4,1
"01JAN2018","31DEC2018","Cluster 01",2018,"Cluster 1",32,3.5,1
"01JAN2019","31DEC2019","Cluster 01",2019,"Cluster 1",36,3.1,1
"01JAN2000","31DEC2000","Cluster 02",2000,"Cluster 2",41,16,1
"01JAN2001","31DEC2001","Cluster 02",2001,"Cluster 2",44,15,1
"01JAN2002","31DEC2002","Cluster 02",2002,"Cluster 2",49,18,1
"01JAN2003","31DEC2003","Cluster 02",2003,"Cluster 2",46,21,1
"01JAN2004","31DEC2004","Cluster 02",2004,"Cluster 2",40,16,1
"01JAN2005","31DEC2005","Cluster 02",2005,"Cluster 2",35,17,1
"01JAN2006","31DEC2006","Cluster 02",2006,"Cluster 2",44,17,1
"01JAN2007","31DEC2007","Cluster 02",2007,"Cluster 2",43,17,1
"01JAN2008","31DEC2008","Cluster 02",2008,"Cluster 2",44,17,1
"01JAN2009","31DEC2009","Cluster 02",2009,"Cluster 2",45,15,1
"01JAN2010","31DEC2010","Cluster 02",2010,"Cluster 2",42,13,1
"01JAN2011","31DEC2011","Cluster 02",2011,"Cluster 2",47,13,1
"01JAN2012","31DEC2012","Cluster 02",2012,"Cluster 2",49,11,1
"01JAN2013","31DEC2013","Cluster 02",2013,"Cluster 2",57,12,1
"01JAN2014","31DEC2014","Cluster 02",2014,"Cluster 2",60,8.9,1
"01JAN2015","31DEC2015","Cluster 02",2015,"Cluster 2",58,9.9,1
"01JAN2016","31DEC2016","Cluster 02",2016,"Cluster 2",52,8.2,1
"01JAN2017","31DEC2017","Cluster 02",2017,"Cluster 2",50,5.5,1
"01JAN2018","31DEC2018","Cluster 02",2018,"Cluster 2",48,6.2,1
"01JAN2019","31DEC2019","Cluster 02",2019,"Cluster 2",46,7.2,1
"01JAN2000","31DEC2000","Cluster 03",2000,"Cluster 3",126,29,1
"01JAN2001","31DEC2001","Cluster 03",2001,"Cluster 3",110,31,1
"01JAN2002","31DEC2002","Cluster 03",2002,"Cluster 3",111,27,1
"01JAN2003","31DEC2003","Cluster 03",2003,"Cluster 3",117,24,1
"01JAN2004","31DEC2004","Cluster 03",2004,"Cluster 3",103,23,1
"01JAN2005","31DEC2005","Cluster 03",2005,"Cluster 3",95,25,1
"01JAN2006","31DEC2006","Cluster 03",2006,"Cluster 3",95,27,1
"01JAN2007","31DEC2007","Cluster 03",2007,"Cluster 3",94,26,1
"01JAN2008","31DEC2008","Cluster 03",2008,"Cluster 3",98,24,1
"01JAN2009","31DEC2009","Cluster 03",2009,"Cluster 3",92,21,1
"01JAN2010","31DEC2010","Cluster 03",2010,"Cluster 3",74,20,1
"01JAN2011","31DEC2011","Cluster 03",2011,"Cluster 3",80,25,1
"01JAN2012","31DEC2012","Cluster 03",2012,"Cluster 3",107,22,1
"01JAN2013","31DEC2013","Cluster 03",2013,"Cluster 3",105,22,1
"01JAN2014","31DEC2014","Cluster 03",2014,"Cluster 3",116,16,1
"01JAN2015","31DEC2015","Cluster 03",2015,"Cluster 3",112,14,1
"01JAN2016","31DEC2016","Cluster 03",2016,"Cluster 3",136,14,1
"01JAN2017","31DEC2017","Cluster 03",2017,"Cluster 3",106,11,1
"01JAN2018","31DEC2018","Cluster 03",2018,"Cluster 3",143,13,1
"01JAN2019","31DEC2019","Cluster 03",2019,"Cluster 3",144,20,1
"01JAN2000","31DEC2000","Cluster 04",2000,"Cluster 4",63,7.6,1
"01JAN2001","31DEC2001","Cluster 04",2001,"Cluster 4",63,7.3,1
"01JAN2002","31DEC2002","Cluster 04",2002,"Cluster 4",51,6.8,1
"01JAN2003","31DEC2003","Cluster 04",2003,"Cluster 4",51,6.6,1
"01JAN2004","31DEC2004","Cluster 04",2004,"Cluster 4",52,6.2,1
"01JAN2005","31DEC2005","Cluster 04",2005,"Cluster 4",54,5.3,1
"01JAN2006","31DEC2006","Cluster 04",2006,"Cluster 4",48,6.4,1
"01JAN2007","31DEC2007","Cluster 04",2007,"Cluster 4",53,7.0,1
"01JAN2008","31DEC2008","Cluster 04",2008,"Cluster 4",56,4.5,1
"01JAN2009","31DEC2009","Cluster 04",2009,"Cluster 4",53,4.3,1
"01JAN2010","31DEC2010","Cluster 04",2010,"Cluster 4",49,6.1,1
"01JAN2011","31DEC2011","Cluster 04",2011,"Cluster 4",53,4.5,1
"01JAN2012","31DEC2012","Cluster 04",2012,"Cluster 4",55,3.0,1
"01JAN2013","31DEC2013","Cluster 04",2013,"Cluster 4",56,3.2,1
"01JAN2014","31DEC2014","Cluster 04",2014,"Cluster 4",63,3.2,1
"01JAN2015","31DEC2015","Cluster 04",2015,"Cluster 4",62,2.9,1
"01JAN2016","31DEC2016","Cluster 04",2016,"Cluster 4",56,3.3,1
"01JAN2017","31DEC2017","Cluster 04",2017,"Cluster 4",58,2.1,1
"01JAN2018","31DEC2018","Cluster 04",2018,"Cluster 4",71,2.5,1
"01JAN2019","31DEC2019","Cluster 04",2019,"Cluster 4",69,1.8,1
"01JAN2000","31DEC2000","Cluster 05",2000,"Cluster 5",65,5.6,1
"01JAN2001","31DEC2001","Cluster 05",2001,"Cluster 5",48,5.5,1
"01JAN2002","31DEC2002","Cluster 05",2002,"Cluster 5",45,5.1,1
"01JAN2003","31DEC2003","Cluster 05",2003,"Cluster 5",41,4.7,1
"01JAN2004","31DEC2004","Cluster 05",2004,"Cluster 5",35,3.4,1
"01JAN2005","31DEC2005","Cluster 05",2005,"Cluster 5",33,2.8,1
"01JAN2006","31DEC2006","Cluster 05",2006,"Cluster 5",29,1.9,1
"01JAN2007","31DEC2007","Cluster 05",2007,"Cluster 5",28,2.1,1
"01JAN2008","31DEC2008","Cluster 05",2008,"Cluster 5",31,3.3,1
"01JAN2009","31DEC2009","Cluster 05",2009,"Cluster 5",25,3.9,1
"01JAN2010","31DEC2010","Cluster 05",2010,"Cluster 5",23,3.0,1
"01JAN2011","31DEC2011","Cluster 05",2011,"Cluster 5",29,3.2,1
"01JAN2012","31DEC2012","Cluster 05",2012,"Cluster 5",27,2.9,1
"01JAN2013","31DEC2013","Cluster 05",2013,"Cluster 5",27,1.7,1
"01JAN2014","31DEC2014","Cluster 05",2014,"Cluster 5",32,2.1,1
"01JAN2015","31DEC2015","Cluster 05",2015,"Cluster 5",35,2.6,1
"01JAN2016","31DEC2016","Cluster 05",2016,"Cluster 5",30,3.0,1
"01JAN2017","31DEC2017","Cluster 05",2017,"Cluster 5",26,2.0,1
"01JAN2018","31DEC2018","Cluster 05",2018,"Cluster 5",28,2.2,1
"01JAN2019","31DEC2019","Cluster 05",2019,"Cluster 5",31,1.8,1
"01JAN2000","31DEC2000","Cluster 06",2000,"Cluster 6",154,16,1
"01JAN2001","31DEC2001","Cluster 06",2001,"Cluster 6",131,15,1
"01JAN2002","31DEC2002","Cluster 06",2002,"Cluster 6",127,16,1
"01JAN2003","31DEC2003","Cluster 06",2003,"Cluster 6",114,16,1
"01JAN2004","31DEC2004","Cluster 06",2004,"Cluster 6",91,15,1
"01JAN2005","31DEC2005","Cluster 06",2005,"Cluster 6",92,12,1
"01JAN2006","31DEC2006","Cluster 06",2006,"Cluster 6",85,13,1
"01JAN2007","31DEC2007","Cluster 06",2007,"Cluster 6",86,13,1
"01JAN2008","31DEC2008","Cluster 06",2008,"Cluster 6",96,13,1
"01JAN2009","31DEC2009","Cluster 06",2009,"Cluster 6",96,11,1
"01JAN2010","31DEC2010","Cluster 06",2010,"Cluster 6",82,12,1
"01JAN2011","31DEC2011","Cluster 06",2011,"Cluster 6",91,14,1
"01JAN2012","31DEC2012","Cluster 06",2012,"Cluster 6",98,11,1
"01JAN2013","31DEC2013","Cluster 06",2013,"Cluster 6",85,8.9,1
"01JAN2014","31DEC2014","Cluster 06",2014,"Cluster 6",92,6.8,1
"01JAN2015","31DEC2015","Cluster 06",2015,"Cluster 6",95,7.4,1
"01JAN2016","31DEC2016","Cluster 06",2016,"Cluster 6",97,7.2,1
"01JAN2017","31DEC2017","Cluster 06",2017,"Cluster 6",72,6.6,1
"01JAN2018","31DEC2018","Cluster 06",2018,"Cluster 6",83,6.6,1
"01JAN2019","31DEC2019","Cluster 06",2019,"Cluster 6",97,6.6,1
"01JAN2000","31DEC2000","Cluster 07",2000,"Cluster 7",51,16,1
"01JAN2001","31DEC2001","Cluster 07",2001,"Cluster 7",55,22,1
"01JAN2002","31DEC2002","Cluster 07",2002,"Cluster 7",65,16,1
"01JAN2003","31DEC2003","Cluster 07",2003,"Cluster 7",54,15,1
"01JAN2004","31DEC2004","Cluster 07",2004,"Cluster 7",58,14,1
"01JAN2005","31DEC2005","Cluster 07",2005,"Cluster 7",47,15,1
"01JAN2006","31DEC2006","Cluster 07",2006,"Cluster 7",54,15,1
"01JAN2007","31DEC2007","Cluster 07",2007,"Cluster 7",49,15,1
"01JAN2008","31DEC2008","Cluster 07",2008,"Cluster 7",52,11,1
"01JAN2009","31DEC2009","Cluster 07",2009,"Cluster 7",49,12,1
"01JAN2010","31DEC2010","Cluster 07",2010,"Cluster 7",39,11,1
"01JAN2011","31DEC2011","Cluster 07",2011,"Cluster 7",45,11,1
"01JAN2012","31DEC2012","Cluster 07",2012,"Cluster 7",56,8.4,1
"01JAN2013","31DEC2013","Cluster 07",2013,"Cluster 7",50,8.5,1
"01JAN2014","31DEC2014","Cluster 07",2014,"Cluster 7",59,7.2,1
"01JAN2015","31DEC2015","Cluster 07",2015,"Cluster 7",56,7.8,1
"01JAN2016","31DEC2016","Cluster 07",2016,"Cluster 7",68,6.8,1
"01JAN2017","31DEC2017","Cluster 07",2017,"Cluster 7",53,5.0,1
"01JAN2018","31DEC2018","Cluster 07",2018,"Cluster 7",57,5.5,1
"01JAN2019","31DEC2019","Cluster 07",2019,"Cluster 7",66,5.1,1
"01JAN2000","31DEC2000","Cluster 08",2000,"Cluster 8",245,43,1
"01JAN2001","31DEC2001","Cluster 08",2001,"Cluster 8",214,41,1
"01JAN2002","31DEC2002","Cluster 08",2002,"Cluster 8",179,35,1
"01JAN2003","31DEC2003","Cluster 08",2003,"Cluster 8",138,35,1
"01JAN2004","31DEC2004","Cluster 08",2004,"Cluster 8",111,24,1
"01JAN2005","31DEC2005","Cluster 08",2005,"Cluster 8",105,23,1
"01JAN2006","31DEC2006","Cluster 08",2006,"Cluster 8",109,24,1
"01JAN2007","31DEC2007","Cluster 08",2007,"Cluster 8",113,23,1
"01JAN2008","31DEC2008","Cluster 08",2008,"Cluster 8",111,21,1
"01JAN2009","31DEC2009","Cluster 08",2009,"Cluster 8",102,18,1
"01JAN2010","31DEC2010","Cluster 08",2010,"Cluster 8",81,18,1
"01JAN2011","31DEC2011","Cluster 08",2011,"Cluster 8",95,20,1
"01JAN2012","31DEC2012","Cluster 08",2012,"Cluster 8",117,18,1
"01JAN2013","31DEC2013","Cluster 08",2013,"Cluster 8",111,16,1
"01JAN2014","31DEC2014","Cluster 08",2014,"Cluster 8",141,14,1
"01JAN2015","31DEC2015","Cluster 08",2015,"Cluster 8",127,16,1
"01JAN2016","31DEC2016","Cluster 08",2016,"Cluster 8",155,15,1
"01JAN2017","31DEC2017","Cluster 08",2017,"Cluster 8",118,8.5,1
"01JAN2018","31DEC2018","Cluster 08",2018,"Cluster 8",131,9.6,1
"01JAN2019","31DEC2019","Cluster 08",2019,"Cluster 8",143,11,1
"01JAN2000","31DEC2000","Cluster 09",2000,"Cluster 9",67,17,1
"01JAN2001","31DEC2001","Cluster 09",2001,"Cluster 9",69,15,1
"01JAN2002","31DEC2002","Cluster 09",2002,"Cluster 9",56,14,1
"01JAN2003","31DEC2003","Cluster 09",2003,"Cluster 9",48,15,1
"01JAN2004","31DEC2004","Cluster 09",2004,"Cluster 9",43,13,1
"01JAN2005","31DEC2005","Cluster 09",2005,"Cluster 9",47,13,1
"01JAN2006","31DEC2006","Cluster 09",2006,"Cluster 9",51,16,1
"01JAN2007","31DEC2007","Cluster 09",2007,"Cluster 9",44,17,1
"01JAN2008","31DEC2008","Cluster 09",2008,"Cluster 9",38,13,1
"01JAN2009","31DEC2009","Cluster 09",2009,"Cluster 9",35,10,1
"01JAN2010","31DEC2010","Cluster 09",2010,"Cluster 9",34,9.6,1
"01JAN2011","31DEC2011","Cluster 09",2011,"Cluster 9",37,11,1
"01JAN2012","31DEC2012","Cluster 09",2012,"Cluster 9",42,8.3,1
"01JAN2013","31DEC2013","Cluster 09",2013,"Cluster 9",44,8.6,1
"01JAN2014","31DEC2014","Cluster 09",2014,"Cluster 9",42,6.8,1
"01JAN2015","31DEC2015","Cluster 09",2015,"Cluster 9",43,8.1,1
"01JAN2016","31DEC2016","Cluster 09",2016,"Cluster 9",47,8.5,1
"01JAN2017","31DEC2017","Cluster 09",2017,"Cluster 9",49,6.0,1
"01JAN2018","31DEC2018","Cluster 09",2018,"Cluster 9",49,5.6,1
"01JAN2019","31DEC2019","Cluster 09",2019,"Cluster 9",53,6.4,1
"01JAN2000","31DEC2000","Cluster 10",2000,"Cluster 10",19,1.3,1
"01JAN2001","31DEC2001","Cluster 10",2001,"Cluster 10",19,2.6,1
"01JAN2002","31DEC2002","Cluster 10",2002,"Cluster 10",18,2.1,1
"01JAN2003","31DEC2003","Cluster 10",2003,"Cluster 10",22,1.8,1
"01JAN2004","31DEC2004","Cluster 10",2004,"Cluster 10",17,1.8,1
"01JAN2005","31DEC2005","Cluster 10",2005,"Cluster 10",16,0.8,1
"01JAN2006","31DEC2006","Cluster 10",2006,"Cluster 10",13,1.0,1
"01JAN2007","31DEC2007","Cluster 10",2007,"Cluster 10",14,1.0,1
"01JAN2008","31DEC2008","Cluster 10",2008,"Cluster 10",15,1.0,1
"01JAN2009","31DEC2009","Cluster 10",2009,"Cluster 10",21,0.9,1
"01JAN2010","31DEC2010","Cluster 10",2010,"Cluster 10",17,0.8,1
"01JAN2011","31DEC2011","Cluster 10",2011,"Cluster 10",17,1.3,1
"01JAN2012","31DEC2012","Cluster 10",2012,"Cluster 10",18,0.9,1
"01JAN2013","31DEC2013","Cluster 10",2013,"Cluster 10",25,0.6,1
"01JAN2014","31DEC2014","Cluster 10",2014,"Cluster 10",21,1.3,1
"01JAN2015","31DEC2015","Cluster 10",2015,"Cluster 10",16,1.0,1
"01JAN2016","31DEC2016","Cluster 10",2016,"Cluster 10",18,1.3,1
"01JAN2017","31DEC2017","Cluster 10",2017,"Cluster 10",16,0.8,1
"01JAN2018","31DEC2018","Cluster 10",2018,"Cluster 10",20,0.3,1
"01JAN2019","31DEC2019","Cluster 10",2019,"Cluster 10",19,0.5,1
"01JAN2000","31DEC2000","Cluster 11",2000,"Cluster 11",59,6.3,1
"01JAN2001","31DEC2001","Cluster 11",2001,"Cluster 11",52,6.3,1
"01JAN2002","31DEC2002","Cluster 11",2002,"Cluster 11",52,5.4,1
"01JAN2003","31DEC2003","Cluster 11",2003,"Cluster 11",53,4.6,1
"01JAN2004","31DEC2004","Cluster 11",2004,"Cluster 11",51,4.0,1
"01JAN2005","31DEC2005","Cluster 11",2005,"Cluster 11",42,4.0,1
"01JAN2006","31DEC2006","Cluster 11",2006,"Cluster 11",34,4.1,1
"01JAN2007","31DEC2007","Cluster 11",2007,"Cluster 11",46,4.3,1
"01JAN2008","31DEC2008","Cluster 11",2008,"Cluster 11",53,3.6,1
"01JAN2009","31DEC2009","Cluster 11",2009,"Cluster 11",52,3.9,1
"01JAN2010","31DEC2010","Cluster 11",2010,"Cluster 11",44,4.3,1
"01JAN2011","31DEC2011","Cluster 11",2011,"Cluster 11",43,3.4,1
"01JAN2012","31DEC2012","Cluster 11",2012,"Cluster 11",46,2.6,1
"01JAN2013","31DEC2013","Cluster 11",2013,"Cluster 11",59,1.9,1
"01JAN2014","31DEC2014","Cluster 11",2014,"Cluster 11",53,2.7,1
"01JAN2015","31DEC2015","Cluster 11",2015,"Cluster 11",52,2.4,1
"01JAN2016","31DEC2016","Cluster 11",2016,"Cluster 11",41,2.6,1
"01JAN2017","31DEC2017","Cluster 11",2017,"Cluster 11",39,1.6,1
"01JAN2018","31DEC2018","Cluster 11",2018,"Cluster 11",49,2.2,1
"01JAN2019","31DEC2019","Cluster 11",2019,"Cluster 11",49,2.3,1
"01JAN2000","31DEC2000","Cluster 12",2000,"Cluster 12",28,1.8,1
"01JAN2001","31DEC2001","Cluster 12",2001,"Cluster 12",25,2.5,1
"01JAN2002","31DEC2002","Cluster 12",2002,"Cluster 12",22,2.2,1
"01JAN2003","31DEC2003","Cluster 12",2003,"Cluster 12",22,1.2,1
"01JAN2004","31DEC2004","Cluster 12",2004,"Cluster 12",24,1.0,1
"01JAN2005","31DEC2005","Cluster 12",2005,"Cluster 12",19,1.5,1
"01JAN2006","31DEC2006","Cluster 12",2006,"Cluster 12",17,1.4,1
"01JAN2007","31DEC2007","Cluster 12",2007,"Cluster 12",19,1.3,1
"01JAN2008","31DEC2008","Cluster 12",2008,"Cluster 12",22,1.0,1
"01JAN2009","31DEC2009","Cluster 12",2009,"Cluster 12",18,1.2,1
"01JAN2010","31DEC2010","Cluster 12",2010,"Cluster 12",16,1.1,1
"01JAN2011","31DEC2011","Cluster 12",2011,"Cluster 12",20,0.6,1
"01JAN2012","31DEC2012","Cluster 12",2012,"Cluster 12",15,0.6,1
"01JAN2013","31DEC2013","Cluster 12",2013,"Cluster 12",18,1.1,1
"01JAN2014","31DEC2014","Cluster 12",2014,"Cluster 12",19,0.9,1
"01JAN2015","31DEC2015","Cluster 12",2015,"Cluster 12",20,0.9,1
"01JAN2016","31DEC2016","Cluster 12",2016,"Cluster 12",13,0.8,1
"01JAN2017","31DEC2017","Cluster 12",2017,"Cluster 12",15,0.7,1
"01JAN2018","31DEC2018","Cluster 12",2018,"Cluster 12",20,1.2,1
"01JAN2019","31DEC2019","Cluster 12",2019,"Cluster 12",21,1.1,1
"01JAN2000","31DEC2000","Cluster 13",2000,"Cluster 13",22,0.9,1
"01JAN2001","31DEC2001","Cluster 13",2001,"Cluster 13",17,1.3,1
"01JAN2002","31DEC2002","Cluster 13",2002,"Cluster 13",16,1.0,1
"01JAN2003","31DEC2003","Cluster 13",2003,"Cluster 13",19,0.6,1
"01JAN2004","31DEC2004","Cluster 13",2004,"Cluster 13",12,0.5,1
"01JAN2005","31DEC2005","Cluster 13",2005,"Cluster 13",12,0.5,1
"01JAN2006","31DEC2006","Cluster 13",2006,"Cluster 13",11,0.9,1
"01JAN2007","31DEC2007","Cluster 13",2007,"Cluster 13",12,0.6,1
"01JAN2008","31DEC2008","Cluster 13",2008,"Cluster 13",12,0.4,1
"01JAN2009","31DEC2009","Cluster 13",2009,"Cluster 13",14,0.7,1
"01JAN2010","31DEC2010","Cluster 13",2010,"Cluster 13",16,0.6,1
"01JAN2011","31DEC2011","Cluster 13",2011,"Cluster 13",13,0.5,1
"01JAN2012","31DEC2012","Cluster 13",2012,"Cluster 13",11,0.6,1
"01JAN2013","31DEC2013","Cluster 13",2013,"Cluster 13",15,0.3,1
"01JAN2014","31DEC2014","Cluster 13",2014,"Cluster 13",11,0.2,1
"01JAN2015","31DEC2015","Cluster 13",2015,"Cluster 13",10,0.6,1
"01JAN2016","31DEC2016","Cluster 13",2016,"Cluster 13",12,0.8,1
"01JAN2017","31DEC2017","Cluster 13",2017,"Cluster 13",12,0.5,1
"01JAN2018","31DEC2018","Cluster 13",2018,"Cluster 13",19,0.3,1
"01JAN2019","31DEC2019","Cluster 13",2019,"Cluster 13",14,0.6,1
"01JAN2000","31DEC2000","Cluster 14",2000,"Cluster 14",17,1.7,1
"01JAN2001","31DEC2001","Cluster 14",2001,"Cluster 14",20,1.5,1
"01JAN2002","31DEC2002","Cluster 14",2002,"Cluster 14",14,1.6,1
"01JAN2003","31DEC2003","Cluster 14",2003,"Cluster 14",14,0.7,1
"01JAN2004","31DEC2004","Cluster 14",2004,"Cluster 14",16,1.4,1
"01JAN2005","31DEC2005","Cluster 14",2005,"Cluster 14",16,1.2,1
"01JAN2006","31DEC2006","Cluster 14",2006,"Cluster 14",14,0.6,1
"01JAN2007","31DEC2007","Cluster 14",2007,"Cluster 14",12,0.9,1
"01JAN2008","31DEC2008","Cluster 14",2008,"Cluster 14",13,0.9,1
"01JAN2009","31DEC2009","Cluster 14",2009,"Cluster 14",14,0.9,1
"01JAN2010","31DEC2010","Cluster 14",2010,"Cluster 14",13,0.5,1
"01JAN2011","31DEC2011","Cluster 14",2011,"Cluster 14",9.6,0.9,1
"01JAN2012","31DEC2012","Cluster 14",2012,"Cluster 14",13,0.7,1
"01JAN2013","31DEC2013","Cluster 14",2013,"Cluster 14",12,0.5,1
"01JAN2014","31DEC2014","Cluster 14",2014,"Cluster 14",14,0.7,1
"01JAN2015","31DEC2015","Cluster 14",2015,"Cluster 14",15,0.5,1
"01JAN2016","31DEC2016","Cluster 14",2016,"Cluster 14",11,0.6,1
"01JAN2017","31DEC2017","Cluster 14",2017,"Cluster 14",10,0.7,1
"01JAN2018","31DEC2018","Cluster 14",2018,"Cluster 14",14,0.4,1
"01JAN2019","31DEC2019","Cluster 14",2019,"Cluster 14",15,0.8,1
"01JAN2000","31DEC2000","Cluster 15",2000,"Cluster 15",42,2.9,1
"01JAN2001","31DEC2001","Cluster 15",2001,"Cluster 15",34,4.8,1
"01JAN2002","31DEC2002","Cluster 15",2002,"Cluster 15",32,3.3,1
"01JAN2003","31DEC2003","Cluster 15",2003,"Cluster 15",38,2.4,1
"01JAN2004","31DEC2004","Cluster 15",2004,"Cluster 15",28,2.2,1
"01JAN2005","31DEC2005","Cluster 15",2005,"Cluster 15",24,2.8,1
"01JAN2006","31DEC2006","Cluster 15",2006,"Cluster 15",22,2.5,1
"01JAN2007","31DEC2007","Cluster 15",2007,"Cluster 15",22,1.7,1
"01JAN2008","31DEC2008","Cluster 15",2008,"Cluster 15",26,2.3,1
"01JAN2009","31DEC2009","Cluster 15",2009,"Cluster 15",30,2.4,1
"01JAN2010","31DEC2010","Cluster 15",2010,"Cluster 15",24,2.2,1
"01JAN2011","31DEC2011","Cluster 15",2011,"Cluster 15",27,2.3,1
"01JAN2012","31DEC2012","Cluster 15",2012,"Cluster 15",25,2.0,1
"01JAN2013","31DEC2013","Cluster 15",2013,"Cluster 15",20,1.6,1
"01JAN2014","31DEC2014","Cluster 15",2014,"Cluster 15",21,1.6,1
"01JAN2015","31DEC2015","Cluster 15",2015,"Cluster 15",24,1.1,1
"01JAN2016","31DEC2016","Cluster 15",2016,"Cluster 15",24,1.2,1
"01JAN2017","31DEC2017","Cluster 15",2017,"Cluster 15",19,1.1,1
"01JAN2018","31DEC2018","Cluster 15",2018,"Cluster 15",25,0.7,1
"01JAN2019","31DEC2019","Cluster 15",2019,"Cluster 15",27,1.3,1
"01JAN2000","31DEC2000","Cluster 16",2000,"Cluster 16",36,5.0,1
"01JAN2001","31DEC2001","Cluster 16",2001,"Cluster 16",42,5.3,1
"01JAN2002","31DEC2002","Cluster 16",2002,"Cluster 16",42,2.5,1
"01JAN2003","31DEC2003","Cluster 16",2003,"Cluster 16",45,5.3,1
"01JAN2004","31DEC2004","Cluster 16",2004,"Cluster 16",28,4.3,1
"01JAN2005","31DEC2005","Cluster 16",2005,"Cluster 16",31,5.4,1
"01JAN2006","31DEC2006","Cluster 16",2006,"Cluster 16",27,5.4,1
"01JAN2007","31DEC2007","Cluster 16",2007,"Cluster 16",35,6.2,1
"01JAN2008","31DEC2008","Cluster 16",2008,"Cluster 16",36,6.7,1
"01JAN2009","31DEC2009","Cluster 16",2009,"Cluster 16",44,2.8,1
"01JAN2010","31DEC2010","Cluster 16",2010,"Cluster 16",35,4.2,1
"01JAN2011","31DEC2011","Cluster 16",2011,"Cluster 16",34,2.9,1
"01JAN2012","31DEC2012","Cluster 16",2012,"Cluster 16",50,5.7,1
"01JAN2013","31DEC2013","Cluster 16",2013,"Cluster 16",38,5.5,1
"01JAN2014","31DEC2014","Cluster 16",2014,"Cluster 16",56,3.6,1
"01JAN2015","31DEC2015","Cluster 16",2015,"Cluster 16",46,2.9,1
"01JAN2016","31DEC2016","Cluster 16",2016,"Cluster 16",35,5.5,1
"01JAN2017","31DEC2017","Cluster 16",2017,"Cluster 16",34,2.1,1
"01JAN2018","31DEC2018","Cluster 16",2018,"Cluster 16",54,3.4,1
"01JAN2019","31DEC2019","Cluster 16",2019,"Cluster 16",70,2.3,1
"01JAN2000","31DEC2000","Cluster 17",2000,"Cluster 17",39,9.3,1
"01JAN2001","31DEC2001","Cluster 17",2001,"Cluster 17",44,8.5,1
"01JAN2002","31DEC2002","Cluster 17",2002,"Cluster 17",48,11,1
"01JAN2003","31DEC2003","Cluster 17",2003,"Cluster 17",43,15,1
"01JAN2004","31DEC2004","Cluster 17",2004,"Cluster 17",37,13,1
"01JAN2005","31DEC2005","Cluster 17",2005,"Cluster 17",36,11,1
"01JAN2006","31DEC2006","Cluster 17",2006,"Cluster 17",29,11,1
"01JAN2007","31DEC2007","Cluster 17",2007,"Cluster 17",33,13,1
"01JAN2008","31DEC2008","Cluster 17",2008,"Cluster 17",34,9.9,1
"01JAN2009","31DEC2009","Cluster 17",2009,"Cluster 17",31,11,1
"01JAN2010","31DEC2010","Cluster 17",2010,"Cluster 17",31,8.3,1
"01JAN2011","31DEC2011","Cluster 17",2011,"Cluster 17",35,8.1,1
"01JAN2012","31DEC2012","Cluster 17",2012,"Cluster 17",32,9.5,1
"01JAN2013","31DEC2013","Cluster 17",2013,"Cluster 17",40,7.9,1
"01JAN2014","31DEC2014","Cluster 17",2014,"Cluster 17",54,6.8,1
"01JAN2015","31DEC2015","Cluster 17",2015,"Cluster 17",51,8.6,1
"01JAN2016","31DEC2016","Cluster 17",2016,"Cluster 17",39,6.7,1
"01JAN2017","31DEC2017","Cluster 17",2017,"Cluster 17",36,3.8,1
"01JAN2018","31DEC2018","Cluster 17",2018,"Cluster 17",46,4.2,1
"01JAN2019","31DEC2019","Cluster 17",2019,"Cluster 17",39,4.0,1
"01JAN2000","31DEC2000","Cluster 18",2000,"Cluster 18",42,12,1
"01JAN2001","31DEC2001","Cluster 18",2001,"Cluster 18",38,9.2,1
"01JAN2002","31DEC2002","Cluster 18",2002,"Cluster 18",46,12,1
"01JAN2003","31DEC2003","Cluster 18",2003,"Cluster 18",38,15,1
"01JAN2004","31DEC2004","Cluster 18",2004,"Cluster 18",37,13,1
"01JAN2005","31DEC2005","Cluster 18",2005,"Cluster 18",35,13,1
"01JAN2006","31DEC2006","Cluster 18",2006,"Cluster 18",31,12,1
"01JAN2007","31DEC2007","Cluster 18",2007,"Cluster 18",33,15,1
"01JAN2008","31DEC2008","Cluster 18",2008,"Cluster 18",31,14,1
"01JAN2009","31DEC2009","Cluster 18",2009,"Cluster 18",31,14,1
"01JAN2010","31DEC2010","Cluster 18",2010,"Cluster 18",32,13,1
"01JAN2011","31DEC2011","Cluster 18",2011,"Cluster 18",31,9.2,1
"01JAN2012","31DEC2012","Cluster 18",2012,"Cluster 18",33,11,1
"01JAN2013","31DEC2013","Cluster 18",2013,"Cluster 18",38,11,1
"01JAN2014","31DEC2014","Cluster 18",2014,"Cluster 18",42,10,1
"01JAN2015","31DEC2015","Cluster 18",2015,"Cluster 18",36,9.8,1
"01JAN2016","31DEC2016","Cluster 18",2016,"Cluster 18",33,7.6,1
"01JAN2017","31DEC2017","Cluster 18",2017,"Cluster 18",30,6.0,1
"01JAN2018","31DEC2018","Cluster 18",2018,"Cluster 18",30,5.8,1
"01JAN2019","31DEC2019","Cluster 18",2019,"Cluster 18",33,4.1,1
"01JAN2000","31DEC2000","Cluster 19",2000,"Cluster 19",29,6.9,1
"01JAN2001","31DEC2001","Cluster 19",2001,"Cluster 19",37,7.5,1
"01JAN2002","31DEC2002","Cluster 19",2002,"Cluster 19",39,8.3,1
"01JAN2003","31DEC2003","Cluster 19",2003,"Cluster 19",37,14,1
"01JAN2004","31DEC2004","Cluster 19",2004,"Cluster 19",34,7.9,1
"01JAN2005","31DEC2005","Cluster 19",2005,"Cluster 19",28,9.8,1
"01JAN2006","31DEC2006","Cluster 19",2006,"Cluster 19",23,10,1
"01JAN2007","31DEC2007","Cluster 19",2007,"Cluster 19",27,11,1
"01JAN2008","31DEC2008","Cluster 19",2008,"Cluster 19",26,11,1
"01JAN2009","31DEC2009","Cluster 19",2009,"Cluster 19",26,11,1
"01JAN2010","31DEC2010","Cluster 19",2010,"Cluster 19",28,7.3,1
"01JAN2011","31DEC2011","Cluster 19",2011,"Cluster 19",25,6.1,1
"01JAN2012","31DEC2012","Cluster 19",2012,"Cluster 19",25,6.7,1
"01JAN2013","31DEC2013","Cluster 19",2013,"Cluster 19",23,6.6,1
"01JAN2014","31DEC2014","Cluster 19",2014,"Cluster 19",32,6.8,1
"01JAN2015","31DEC2015","Cluster 19",2015,"Cluster 19",30,8.0,1
"01JAN2016","31DEC2016","Cluster 19",2016,"Cluster 19",31,6.1,1
"01JAN2017","31DEC2017","Cluster 19",2017,"Cluster 19",32,5.9,1
"01JAN2018","31DEC2018","Cluster 19",2018,"Cluster 19",42,5.1,1
"01JAN2019","31DEC2019","Cluster 19",2019,"Cluster 19",36,3.6,1
"01JAN2000","31DEC2000","Cluster 20",2000,"Cluster 20",27,7.0,1
"01JAN2001","31DEC2001","Cluster 20",2001,"Cluster 20",33,7.4,1
"01JAN2002","31DEC2002","Cluster 20",2002,"Cluster 20",33,6.7,1
"01JAN2003","31DEC2003","Cluster 20",2003,"Cluster 20",32,7.1,1
"01JAN2004","31DEC2004","Cluster 20",2004,"Cluster 20",30,5.9,1
"01JAN2005","31DEC2005","Cluster 20",2005,"Cluster 20",32,8.9,1
"01JAN2006","31DEC2006","Cluster 20",2006,"Cluster 20",26,9.7,1
"01JAN2007","31DEC2007","Cluster 20",2007,"Cluster 20",27,8.8,1
"01JAN2008","31DEC2008","Cluster 20",2008,"Cluster 20",28,6.4,1
"01JAN2009","31DEC2009","Cluster 20",2009,"Cluster 20",27,6.5,1
"01JAN2010","31DEC2010","Cluster 20",2010,"Cluster 20",28,6.2,1
"01JAN2011","31DEC2011","Cluster 20",2011,"Cluster 20",29,6.1,1
"01JAN2012","31DEC2012","Cluster 20",2012,"Cluster 20",35,6.3,1
"01JAN2013","31DEC2013","Cluster 20",2013,"Cluster 20",29,6.7,1
"01JAN2014","31DEC2014","Cluster 20",2014,"Cluster 20",42,5.6,1
"01JAN2015","31DEC2015","Cluster 20",2015,"Cluster 20",36,5.7,1
"01JAN2016","31DEC2016","Cluster 20",2016,"Cluster 20",27,4.9,1
"01JAN2017","31DEC2017","Cluster 20",2017,"Cluster 20",29,3.8,1
"01JAN2018","31DEC2018","Cluster 20",2018,"Cluster 20",40,2.7,1
"01JAN2019","31DEC2019","Cluster 20",2019,"Cluster 20",34,4.0,1
"01JAN2000","31DEC2000","Cluster 21",2000,"Cluster 21",47,19,1
"01JAN2001","31DEC2001","Cluster 21",2001,"Cluster 21",54,21,1
"01JAN2002","31DEC2002","Cluster 21",2002,"Cluster 21",53,18,1
"01JAN2003","31DEC2003","Cluster 21",2003,"Cluster 21",62,19,1
"01JAN2004","31DEC2004","Cluster 21",2004,"Cluster 21",55,17,1
"01JAN2005","31DEC2005","Cluster 21",2005,"Cluster 21",47,18,1
"01JAN2006","31DEC2006","Cluster 21",2006,"Cluster 21",39,17,1
"01JAN2007","31DEC2007","Cluster 21",2007,"Cluster 21",52,14,1
"01JAN2008","31DEC2008","Cluster 21",2008,"Cluster 21",42,14,1
"01JAN2009","31DEC2009","Cluster 21",2009,"Cluster 21",38,16,1
"01JAN2010","31DEC2010","Cluster 21",2010,"Cluster 21",38,14,1
"01JAN2011","31DEC2011","Cluster 21",2011,"Cluster 21",40,13,1
"01JAN2012","31DEC2012","Cluster 21",2012,"Cluster 21",54,14,1
"01JAN2013","31DEC2013","Cluster 21",2013,"Cluster 21",45,11,1
"01JAN2014","31DEC2014","Cluster 21",2014,"Cluster 21",59,12,1
"01JAN2015","31DEC2015","Cluster 21",2015,"Cluster 21",54,12,1
"01JAN2016","31DEC2016","Cluster 21",2016,"Cluster 21",49,13,1
"01JAN2017","31DEC2017","Cluster 21",2017,"Cluster 21",42,7.7,1
"01JAN2018","31DEC2018","Cluster 21",2018,"Cluster 21",55,7.9,1
"01JAN2019","31DEC2019","Cluster 21",2019,"Cluster 21",53,9.9,1
"01JAN2000","31DEC2000","Cluster 22",2000,"Cluster 22",65,20,1
"01JAN2001","31DEC2001","Cluster 22",2001,"Cluster 22",67,17,1
"01JAN2002","31DEC2002","Cluster 22",2002,"Cluster 22",61,18,1
"01JAN2003","31DEC2003","Cluster 22",2003,"Cluster 22",71,19,1
"01JAN2004","31DEC2004","Cluster 22",2004,"Cluster 22",68,17,1
"01JAN2005","31DEC2005","Cluster 22",2005,"Cluster 22",68,22,1
"01JAN2006","31DEC2006","Cluster 22",2006,"Cluster 22",60,18,1
"01JAN2007","31DEC2007","Cluster 22",2007,"Cluster 22",56,18,1
"01JAN2008","31DEC2008","Cluster 22",2008,"Cluster 22",53,18,1
"01JAN2009","31DEC2009","Cluster 22",2009,"Cluster 22",52,15,1
"01JAN2010","31DEC2010","Cluster 22",2010,"Cluster 22",55,14,1
"01JAN2011","31DEC2011","Cluster 22",2011,"Cluster 22",61,16,1
"01JAN2012","31DEC2012","Cluster 22",2012,"Cluster 22",71,17,1
"01JAN2013","31DEC2013","Cluster 22",2013,"Cluster 22",79,16,1
"01JAN2014","31DEC2014","Cluster 22",2014,"Cluster 22",93,16,1
"01JAN2015","31DEC2015","Cluster 22",2015,"Cluster 22",90,18,1
"01JAN2016","31DEC2016","Cluster 22",2016,"Cluster 22",79,17,1
"01JAN2017","31DEC2017","Cluster 22",2017,"Cluster 22",81,12,1
"01JAN2018","31DEC2018","Cluster 22",2018,"Cluster 22",83,9.8,1
"01JAN2019","31DEC2019","Cluster 22",2019,"Cluster 22",84,10,1
"01JAN2000","31DEC2000","Cluster 23",2000,"Cluster 23",65,33,1
"01JAN2001","31DEC2001","Cluster 23",2001,"Cluster 23",71,32,1
"01JAN2002","31DEC2002","Cluster 23",2002,"Cluster 23",69,29,1
"01JAN2003","31DEC2003","Cluster 23",2003,"Cluster 23",81,37,1
"01JAN2004","31DEC2004","Cluster 23",2004,"Cluster 23",85,30,1
"01JAN2005","31DEC2005","Cluster 23",2005,"Cluster 23",70,34,1
"01JAN2006","31DEC2006","Cluster 23",2006,"Cluster 23",67,29,1
"01JAN2007","31DEC2007","Cluster 23",2007,"Cluster 23",77,30,1
"01JAN2008","31DEC2008","Cluster 23",2008,"Cluster 23",65,27,1
"01JAN2009","31DEC2009","Cluster 23",2009,"Cluster 23",66,23,1
"01JAN2010","31DEC2010","Cluster 23",2010,"Cluster 23",54,22,1
"01JAN2011","31DEC2011","Cluster 23",2011,"Cluster 23",63,19,1
"01JAN2012","31DEC2012","Cluster 23",2012,"Cluster 23",63,24,1
"01JAN2013","31DEC2013","Cluster 23",2013,"Cluster 23",68,20,1
"01JAN2014","31DEC2014","Cluster 23",2014,"Cluster 23",69,21,1
"01JAN2015","31DEC2015","Cluster 23",2015,"Cluster 23",65,22,1
"01JAN2016","31DEC2016","Cluster 23",2016,"Cluster 23",62,23,1
"01JAN2017","31DEC2017","Cluster 23",2017,"Cluster 23",66,16,1
"01JAN2018","31DEC2018","Cluster 23",2018,"Cluster 23",73,15,1
"01JAN2019","31DEC2019","Cluster 23",2019,"Cluster 23",79,15,1
"01JAN2000","31DEC2000","Cluster 24",2000,"Cluster 24",51,8.8,1
"01JAN2001","31DEC2001","Cluster 24",2001,"Cluster 24",60,11,1
"01JAN2002","31DEC2002","Cluster 24",2002,"Cluster 24",51,12,1
"01JAN2003","31DEC2003","Cluster 24",2003,"Cluster 24",52,13,1
"01JAN2004","31DEC2004","Cluster 24",2004,"Cluster 24",49,11,1
"01JAN2005","31DEC2005","Cluster 24",2005,"Cluster 24",43,11,1
"01JAN2006","31DEC2006","Cluster 24",2006,"Cluster 24",36,10,1
"01JAN2007","31DEC2007","Cluster 24",2007,"Cluster 24",46,11,1
"01JAN2008","31DEC2008","Cluster 24",2008,"Cluster 24",45,8.9,1
"01JAN2009","31DEC2009","Cluster 24",2009,"Cluster 24",45,8.0,1
"01JAN2010","31DEC2010","Cluster 24",2010,"Cluster 24",48,5.4,1
"01JAN2011","31DEC2011","Cluster 24",2011,"Cluster 24",47,7.2,1
"01JAN2012","31DEC2012","Cluster 24",2012,"Cluster 24",49,9.7,1
"01JAN2013","31DEC2013","Cluster 24",2013,"Cluster 24",59,7.9,1
"01JAN2014","31DEC2014","Cluster 24",2014,"Cluster 24",66,6.7,1
"01JAN2015","31DEC2015","Cluster 24",2015,"Cluster 24",61,7.2,1
"01JAN2016","31DEC2016","Cluster 24",2016,"Cluster 24",56,7.3,1
"01JAN2017","31DEC2017","Cluster 24",2017,"Cluster 24",72,5.8,1
"01JAN2018","31DEC2018","Cluster 24",2018,"Cluster 24",71,6.9,1
"01JAN2019","31DEC2019","Cluster 24",2019,"Cluster 24",75,6.7,1
"01JAN2000","31DEC2000","Cluster 25",2000,"Cluster 25",65,23,1
"01JAN2001","31DEC2001","Cluster 25",2001,"Cluster 25",83,24,1
"01JAN2002","31DEC2002","Cluster 25",2002,"Cluster 25",73,22,1
"01JAN2003","31DEC2003","Cluster 25",2003,"Cluster 25",75,23,1
"01JAN2004","31DEC2004","Cluster 25",2004,"Cluster 25",88,21,1
"01JAN2005","31DEC2005","Cluster 25",2005,"Cluster 25",73,18,1
"01JAN2006","31DEC2006","Cluster 25",2006,"Cluster 25",73,19,1
"01JAN2007","31DEC2007","Cluster 25",2007,"Cluster 25",64,20,1
"01JAN2008","31DEC2008","Cluster 25",2008,"Cluster 25",62,18,1
"01JAN2009","31DEC2009","Cluster 25",2009,"Cluster 25",60,17,1
"01JAN2010","31DEC2010","Cluster 25",2010,"Cluster 25",52,13,1
"01JAN2011","31DEC2011","Cluster 25",2011,"Cluster 25",57,15,1
"01JAN2012","31DEC2012","Cluster 25",2012,"Cluster 25",72,14,1
"01JAN2013","31DEC2013","Cluster 25",2013,"Cluster 25",73,13,1
"01JAN2014","31DEC2014","Cluster 25",2014,"Cluster 25",79,12,1
"01JAN2015","31DEC2015","Cluster 25",2015,"Cluster 25",71,14,1
"01JAN2016","31DEC2016","Cluster 25",2016,"Cluster 25",66,12,1
"01JAN2017","31DEC2017","Cluster 25",2017,"Cluster 25",69,8.0,1
"01JAN2018","31DEC2018","Cluster 25",2018,"Cluster 25",72,8.1,1
"01JAN2019","31DEC2019","Cluster 25",2019,"Cluster 25",75,9.3,1
"01JAN2000","31DEC2000","Cluster 26",2000,"Cluster 26",52,12,1
"01JAN2001","31DEC2001","Cluster 26",2001,"Cluster 26",66,13,1
"01JAN2002","31DEC2002","Cluster 26",2002,"Cluster 26",54,13,1
"01JAN2003","31DEC2003","Cluster 26",2003,"Cluster 26",49,13,1
"01JAN2004","31DEC2004","Cluster 26",2004,"Cluster 26",45,9.2,1
"01JAN2005","31DEC2005","Cluster 26",2005,"Cluster 26",42,9.9,1
"01JAN2006","31DEC2006","Cluster 26",2006,"Cluster 26",34,9.5,1
"01JAN2007","31DEC2007","Cluster 26",2007,"Cluster 26",40,9.3,1
"01JAN2008","31DEC2008","Cluster 26",2008,"Cluster 26",47,9.8,1
"01JAN2009","31DEC2009","Cluster 26",2009,"Cluster 26",47,9.5,1
"01JAN2010","31DEC2010","Cluster 26",2010,"Cluster 26",38,7.7,1
"01JAN2011","31DEC2011","Cluster 26",2011,"Cluster 26",40,6.4,1
"01JAN2012","31DEC2012","Cluster 26",2012,"Cluster 26",49,7.6,1
"01JAN2013","31DEC2013","Cluster 26",2013,"Cluster 26",55,6.1,1
"01JAN2014","31DEC2014","Cluster 26",2014,"Cluster 26",55,6.3,1
"01JAN2015","31DEC2015","Cluster 26",2015,"Cluster 26",54,8.1,1
"01JAN2016","31DEC2016","Cluster 26",2016,"Cluster 26",50,7.1,1
"01JAN2017","31DEC2017","Cluster 26",2017,"Cluster 26",43,4.2,1
"01JAN2018","31DEC2018","Cluster 26",2018,"Cluster 26",45,4.5,1
"01JAN2019","31DEC2019","Cluster 26",2019,"Cluster 26",46,5.1,1
"01JAN2000","31DEC2000","Cluster 27",2000,"Cluster 27",270,62,1
"01JAN2001","31DEC2001","Cluster 27",2001,"Cluster 27",298,70,1
"01JAN2002","31DEC2002","Cluster 27",2002,"Cluster 27",211,70,1
"01JAN2003","31DEC2003","Cluster 27",2003,"Cluster 27",139,58,1
"01JAN2004","31DEC2004","Cluster 27",2004,"Cluster 27",112,35,1
"01JAN2005","31DEC2005","Cluster 27",2005,"Cluster 27",93,28,1
"01JAN2006","31DEC2006","Cluster 27",2006,"Cluster 27",119,14,1
"01JAN2007","31DEC2007","Cluster 27",2007,"Cluster 27",82,11,1
"01JAN2008","31DEC2008","Cluster 27",2008,"Cluster 27",58,10,1
"01JAN2009","31DEC2009","Cluster 27",2009,"Cluster 27",46,11,1
"01JAN2010","31DEC2010","Cluster 27",2010,"Cluster 27",47,9.3,1
"01JAN2011","31DEC2011","Cluster 27",2011,"Cluster 27",58,7.9,1
"01JAN2012","31DEC2012","Cluster 27",2012,"Cluster 27",54,8.6,1
"01JAN2013","31DEC2013","Cluster 27",2013,"Cluster 27",61,10,1
"01JAN2014","31DEC2014","Cluster 27",2014,"Cluster 27",72,5.4,1
"01JAN2015","31DEC2015","Cluster 27",2015,"Cluster 27",80,8.2,1
"01JAN2016","31DEC2016","Cluster 27",2016,"Cluster 27",96,14,1
"01JAN2017","31DEC2017","Cluster 27",2017,"Cluster 27",91,5.7,1
"01JAN2018","31DEC2018","Cluster 27",2018,"Cluster 27",111,6.8,1
"01JAN2019","31DEC2019","Cluster 27",2019,"Cluster 27",112,7.2,1
"01JAN2000","31DEC2000","Cluster 28",2000,"Cluster 28",47,26,1
"01JAN2001","31DEC2001","Cluster 28",2001,"Cluster 28",48,25,1
"01JAN2002","31DEC2002","Cluster 28",2002,"Cluster 28",44,25,1
"01JAN2003","31DEC2003","Cluster 28",2003,"Cluster 28",45,25,1
"01JAN2004","31DEC2004","Cluster 28",2004,"Cluster 28",48,22,1
"01JAN2005","31DEC2005","Cluster 28",2005,"Cluster 28",36,22,1
"01JAN2006","31DEC2006","Cluster 28",2006,"Cluster 28",38,23,1
"01JAN2007","31DEC2007","Cluster 28",2007,"Cluster 28",49,31,1
"01JAN2008","31DEC2008","Cluster 28",2008,"Cluster 28",39,31,1
"01JAN2009","31DEC2009","Cluster 28",2009,"Cluster 28",48,16,1
"01JAN2010","31DEC2010","Cluster 28",2010,"Cluster 28",39,25,1
"01JAN2011","31DEC2011","Cluster 28",2011,"Cluster 28",48,26,1
"01JAN2012","31DEC2012","Cluster 28",2012,"Cluster 28",51,25,1
"01JAN2013","31DEC2013","Cluster 28",2013,"Cluster 28",56,23,1
"01JAN2014","31DEC2014","Cluster 28",2014,"Cluster 28",59,22,1
"01JAN2015","31DEC2015","Cluster 28",2015,"Cluster 28",58,20,1
"01JAN2016","31DEC2016","Cluster 28",2016,"Cluster 28",57,23,1
"01JAN2017","31DEC2017","Cluster 28",2017,"Cluster 28",50,16,1
"01JAN2018","31DEC2018","Cluster 28",2018,"Cluster 28",57,16,1
"01JAN2019","31DEC2019","Cluster 28",2019,"Cluster 28",43,10,1
"01JAN2000","31DEC2000","Cluster 29",2000,"Cluster 29",30,16,1
"01JAN2001","31DEC2001","Cluster 29",2001,"Cluster 29",37,17,1
"01JAN2002","31DEC2002","Cluster 29",2002,"Cluster 29",30,22,1
"01JAN2003","31DEC2003","Cluster 29",2003,"Cluster 29",82,21,1
"01JAN2004","31DEC2004","Cluster 29",2004,"Cluster 29",48,16,1
"01JAN2005","31DEC2005","Cluster 29",2005,"Cluster 29",36,31,1
"01JAN2006","31DEC2006","Cluster 29",2006,"Cluster 29",28,15,1
"01JAN2007","31DEC2007","Cluster 29",2007,"Cluster 29",52,16,1
"01JAN2008","31DEC2008","Cluster 29",2008,"Cluster 29",47,25,1
"01JAN2009","31DEC2009","Cluster 29",2009,"Cluster 29",45,22,1
"01JAN2010","31DEC2010","Cluster 29",2010,"Cluster 29",52,11,1
"01JAN2011","31DEC2011","Cluster 29",2011,"Cluster 29",28,12,1
"01JAN2012","31DEC2012","Cluster 29",2012,"Cluster 29",47,15,1
"01JAN2013","31DEC2013","Cluster 29",2013,"Cluster 29",27,21,1
"01JAN2014","31DEC2014","Cluster 29",2014,"Cluster 29",35,29,1
"01JAN2015","31DEC2015","Cluster 29",2015,"Cluster 29",24,10,1
"01JAN2016","31DEC2016","Cluster 29",2016,"Cluster 29",23,15,1
"01JAN2017","31DEC2017","Cluster 29",2017,"Cluster 29",20,11,1
"01JAN2018","31DEC2018","Cluster 29",2018,"Cluster 29",20,14,1
"01JAN2019","31DEC2019","Cluster 29",2019,"Cluster 29",14,10,1
"01JAN2000","31DEC2000","Cluster 30",2000,"Cluster 30",46,15,1
"01JAN2001","31DEC2001","Cluster 30",2001,"Cluster 30",63,20,1
"01JAN2002","31DEC2002","Cluster 30",2002,"Cluster 30",52,16,1
"01JAN2003","31DEC2003","Cluster 30",2003,"Cluster 30",66,18,1
"01JAN2004","31DEC2004","Cluster 30",2004,"Cluster 30",55,17,1
"01JAN2005","31DEC2005","Cluster 30",2005,"Cluster 30",47,19,1
"01JAN2006","31DEC2006","Cluster 30",2006,"Cluster 30",45,15,1
"01JAN2007","31DEC2007","Cluster 30",2007,"Cluster 30",61,17,1
"01JAN2008","31DEC2008","Cluster 30",2008,"Cluster 30",62,19,1
"01JAN2009","31DEC2009","Cluster 30",2009,"Cluster 30",55,24,1
"01JAN2010","31DEC2010","Cluster 30",2010,"Cluster 30",48,20,1
"01JAN2011","31DEC2011","Cluster 30",2011,"Cluster 30",40,22,1
"01JAN2012","31DEC2012","Cluster 30",2012,"Cluster 30",43,19,1
"01JAN2013","31DEC2013","Cluster 30",2013,"Cluster 30",51,25,1
"01JAN2014","31DEC2014","Cluster 30",2014,"Cluster 30",52,27,1
"01JAN2015","31DEC2015","Cluster 30",2015,"Cluster 30",48,20,1
"01JAN2016","31DEC2016","Cluster 30",2016,"Cluster 30",47,22,1
"01JAN2017","31DEC2017","Cluster 30",2017,"Cluster 30",50,19,1
"01JAN2018","31DEC2018","Cluster 30",2018,"Cluster 30",55,17,1
"01JAN2019","31DEC2019","Cluster 30",2019,"Cluster 30",52,17,1
"01JAN2000","31DEC2000","Cluster 31",2000,"Cluster 31",52,24,1
"01JAN2001","31DEC2001","Cluster 31",2001,"Cluster 31",53,25,1
"01JAN2002","31DEC2002","Cluster 31",2002,"Cluster 31",54,22,1
"01JAN2003","31DEC2003","Cluster 31",2003,"Cluster 31",76,24,1
"01JAN2004","31DEC2004","Cluster 31",2004,"Cluster 31",51,19,1
"01JAN2005","31DEC2005","Cluster 31",2005,"Cluster 31",41,24,1
"01JAN2006","31DEC2006","Cluster 31",2006,"Cluster 31",45,19,1
"01JAN2007","31DEC2007","Cluster 31",2007,"Cluster 31",61,22,1
"01JAN2008","31DEC2008","Cluster 31",2008,"Cluster 31",76,28,1
"01JAN2009","31DEC2009","Cluster 31",2009,"Cluster 31",65,26,1
"01JAN2010","31DEC2010","Cluster 31",2010,"Cluster 31",69,28,1
"01JAN2011","31DEC2011","Cluster 31",2011,"Cluster 31",72,24,1
"01JAN2012","31DEC2012","Cluster 31",2012,"Cluster 31",51,21,1
"01JAN2013","31DEC2013","Cluster 31",2013,"Cluster 31",52,28,1
"01JAN2014","31DEC2014","Cluster 31",2014,"Cluster 31",69,27,1
"01JAN2015","31DEC2015","Cluster 31",2015,"Cluster 31",56,25,1
"01JAN2016","31DEC2016","Cluster 31",2016,"Cluster 31",49,21,1
"01JAN2017","31DEC2017","Cluster 31",2017,"Cluster 31",55,17,1
"01JAN2018","31DEC2018","Cluster 31",2018,"Cluster 31",54,15,1
"01JAN2019","31DEC2019","Cluster 31",2019,"Cluster 31",50,16,1
"01JAN2000","31DEC2000","Cluster 32",2000,"Cluster 32",49,20,1
"01JAN2001","31DEC2001","Cluster 32",2001,"Cluster 32",49,22,1
"01JAN2002","31DEC2002","Cluster 32",2002,"Cluster 32",57,20,1
"01JAN2003","31DEC2003","Cluster 32",2003,"Cluster 32",62,20,1
"01JAN2004","31DEC2004","Cluster 32",2004,"Cluster 32",47,19,1
"01JAN2005","31DEC2005","Cluster 32",2005,"Cluster 32",37,16,1
"01JAN2006","31DEC2006","Cluster 32",2006,"Cluster 32",32,15,1
"01JAN2007","31DEC2007","Cluster 32",2007,"Cluster 32",35,18,1
"01JAN2008","31DEC2008","Cluster 32",2008,"Cluster 32",49,16,1
"01JAN2009","31DEC2009","Cluster 32",2009,"Cluster 32",39,16,1
"01JAN2010","31DEC2010","Cluster 32",2010,"Cluster 32",40,19,1
"01JAN2011","31DEC2011","Cluster 32",2011,"Cluster 32",38,18,1
"01JAN2012","31DEC2012","Cluster 32",2012,"Cluster 32",50,21,1
"01JAN2013","31DEC2013","Cluster 32",2013,"Cluster 32",51,23,1
"01JAN2014","31DEC2014","Cluster 32",2014,"Cluster 32",59,25,1
"01JAN2015","31DEC2015","Cluster 32",2015,"Cluster 32",57,20,1
"01JAN2016","31DEC2016","Cluster 32",2016,"Cluster 32",55,18,1
"01JAN2017","31DEC2017","Cluster 32",2017,"Cluster 32",51,16,1
"01JAN2018","31DEC2018","Cluster 32",2018,"Cluster 32",51,13,1
"01JAN2019","31DEC2019","Cluster 32",2019,"Cluster 32",46,14,1
"01JAN2000","31DEC2000","Cluster 33",2000,"Cluster 33",42,21,1
"01JAN2001","31DEC2001","Cluster 33",2001,"Cluster 33",43,21,1
"01JAN2002","31DEC2002","Cluster 33",2002,"Cluster 33",52,21,1
"01JAN2003","31DEC2003","Cluster 33",2003,"Cluster 33",58,19,1
"01JAN2004","31DEC2004","Cluster 33",2004,"Cluster 33",41,17,1
"01JAN2005","31DEC2005","Cluster 33",2005,"Cluster 33",32,17,1
"01JAN2006","31DEC2006","Cluster 33",2006,"Cluster 33",31,16,1
"01JAN2007","31DEC2007","Cluster 33",2007,"Cluster 33",39,14,1
"01JAN2008","31DEC2008","Cluster 33",2008,"Cluster 33",45,16,1
"01JAN2009","31DEC2009","Cluster 33",2009,"Cluster 33",31,19,1
"01JAN2010","31DEC2010","Cluster 33",2010,"Cluster 33",32,18,1
"01JAN2011","31DEC2011","Cluster 33",2011,"Cluster 33",36,16,1
"01JAN2012","31DEC2012","Cluster 33",2012,"Cluster 33",38,14,1
"01JAN2013","31DEC2013","Cluster 33",2013,"Cluster 33",38,21,1
"01JAN2014","31DEC2014","Cluster 33",2014,"Cluster 33",44,18,1
"01JAN2015","31DEC2015","Cluster 33",2015,"Cluster 33",37,16,1
"01JAN2016","31DEC2016","Cluster 33",2016,"Cluster 33",35,13,1
"01JAN2017","31DEC2017","Cluster 33",2017,"Cluster 33",36,11,1
"01JAN2018","31DEC2018","Cluster 33",2018,"Cluster 33",38,12,1
"01JAN2019","31DEC2019","Cluster 33",2019,"Cluster 33",27,10,1
"01JAN2000","31DEC2000","Cluster 34",2000,"Cluster 34",46,16,1
"01JAN2001","31DEC2001","Cluster 34",2001,"Cluster 34",50,17,1
"01JAN2002","31DEC2002","Cluster 34",2002,"Cluster 34",53,16,1
"01JAN2003","31DEC2003","Cluster 34",2003,"Cluster 34",56,14,1
"01JAN2004","31DEC2004","Cluster 34",2004,"Cluster 34",41,13,1
"01JAN2005","31DEC2005","Cluster 34",2005,"Cluster 34",33,13,1
"01JAN2006","31DEC2006","Cluster 34",2006,"Cluster 34",32,15,1
"01JAN2007","31DEC2007","Cluster 34",2007,"Cluster 34",37,13,1
"01JAN2008","31DEC2008","Cluster 34",2008,"Cluster 34",37,13,1
"01JAN2009","31DEC2009","Cluster 34",2009,"Cluster 34",39,11,1
"01JAN2010","31DEC2010","Cluster 34",2010,"Cluster 34",31,10,1
"01JAN2011","31DEC2011","Cluster 34",2011,"Cluster 34",33,12,1
"01JAN2012","31DEC2012","Cluster 34",2012,"Cluster 34",45,17,1
"01JAN2013","31DEC2013","Cluster 34",2013,"Cluster 34",46,17,1
"01JAN2014","31DEC2014","Cluster 34",2014,"Cluster 34",53,15,1
"01JAN2015","31DEC2015","Cluster 34",2015,"Cluster 34",42,14,1
"01JAN2016","31DEC2016","Cluster 34",2016,"Cluster 34",40,14,1
"01JAN2017","31DEC2017","Cluster 34",2017,"Cluster 34",40,11,1
"01JAN2018","31DEC2018","Cluster 34",2018,"Cluster 34",48,12,1
"01JAN2019","31DEC2019","Cluster 34",2019,"Cluster 34",48,9.0,1
"01JAN2000","31DEC2000","Cluster 35",2000,"Cluster 35",57,13,1
"01JAN2001","31DEC2001","Cluster 35",2001,"Cluster 35",71,17,1
"01JAN2002","31DEC2002","Cluster 35",2002,"Cluster 35",71,15,1
"01JAN2003","31DEC2003","Cluster 35",2003,"Cluster 35",87,14,1
"01JAN2004","31DEC2004","Cluster 35",2004,"Cluster 35",54,15,1
"01JAN2005","31DEC2005","Cluster 35",2005,"Cluster 35",48,14,1
"01JAN2006","31DEC2006","Cluster 35",2006,"Cluster 35",43,11,1
"01JAN2007","31DEC2007","Cluster 35",2007,"Cluster 35",66,19,1
"01JAN2008","31DEC2008","Cluster 35",2008,"Cluster 35",52,16,1
"01JAN2009","31DEC2009","Cluster 35",2009,"Cluster 35",53,13,1
"01JAN2010","31DEC2010","Cluster 35",2010,"Cluster 35",44,19,1
"01JAN2011","31DEC2011","Cluster 35",2011,"Cluster 35",49,15,1
"01JAN2012","31DEC2012","Cluster 35",2012,"Cluster 35",57,13,1
"01JAN2013","31DEC2013","Cluster 35",2013,"Cluster 35",47,13,1
"01JAN2014","31DEC2014","Cluster 35",2014,"Cluster 35",46,13,1
"01JAN2015","31DEC2015","Cluster 35",2015,"Cluster 35",45,8.7,1
"01JAN2016","31DEC2016","Cluster 35",2016,"Cluster 35",40,9.6,1
"01JAN2017","31DEC2017","Cluster 35",2017,"Cluster 35",48,9.4,1
"01JAN2018","31DEC2018","Cluster 35",2018,"Cluster 35",54,6.0,1
"01JAN2019","31DEC2019","Cluster 35",2019,"Cluster 35",55,5.4,1
"01JAN2000","31DEC2000","Cluster 36",2000,"Cluster 36",27,27,1
"01JAN2001","31DEC2001","Cluster 36",2001,"Cluster 36",27,29,1
"01JAN2002","31DEC2002","Cluster 36",2002,"Cluster 36",36,28,1
"01JAN2003","31DEC2003","Cluster 36",2003,"Cluster 36",43,26,1
"01JAN2004","31DEC2004","Cluster 36",2004,"Cluster 36",37,28,1
"01JAN2005","31DEC2005","Cluster 36",2005,"Cluster 36",29,25,1
"01JAN2006","31DEC2006","Cluster 36",2006,"Cluster 36",23,22,1
"01JAN2007","31DEC2007","Cluster 36",2007,"Cluster 36",28,20,1
"01JAN2008","31DEC2008","Cluster 36",2008,"Cluster 36",24,17,1
"01JAN2009","31DEC2009","Cluster 36",2009,"Cluster 36",25,17,1
"01JAN2010","31DEC2010","Cluster 36",2010,"Cluster 36",28,16,1
"01JAN2011","31DEC2011","Cluster 36",2011,"Cluster 36",30,18,1
"01JAN2012","31DEC2012","Cluster 36",2012,"Cluster 36",36,21,1
"01JAN2013","31DEC2013","Cluster 36",2013,"Cluster 36",34,20,1
"01JAN2014","31DEC2014","Cluster 36",2014,"Cluster 36",33,16,1
"01JAN2015","31DEC2015","Cluster 36",2015,"Cluster 36",30,15,1
"01JAN2016","31DEC2016","Cluster 36",2016,"Cluster 36",28,11,1
"01JAN2017","31DEC2017","Cluster 36",2017,"Cluster 36",23,11,1
"01JAN2018","31DEC2018","Cluster 36",2018,"Cluster 36",21,9.4,1
"01JAN2019","31DEC2019","Cluster 36",2019,"Cluster 36",24,9.9,1
"01JAN2000","31DEC2000","Cluster 37",2000,"Cluster 37",33,24,1
"01JAN2001","31DEC2001","Cluster 37",2001,"Cluster 37",37,24,1
"01JAN2002","31DEC2002","Cluster 37",2002,"Cluster 37",34,26,1
"01JAN2003","31DEC2003","Cluster 37",2003,"Cluster 37",40,26,1
"01JAN2004","31DEC2004","Cluster 37",2004,"Cluster 37",32,24,1
"01JAN2005","31DEC2005","Cluster 37",2005,"Cluster 37",38,21,1
"01JAN2006","31DEC2006","Cluster 37",2006,"Cluster 37",33,24,1
"01JAN2007","31DEC2007","Cluster 37",2007,"Cluster 37",44,27,1
"01JAN2008","31DEC2008","Cluster 37",2008,"Cluster 37",42,24,1
"01JAN2009","31DEC2009","Cluster 37",2009,"Cluster 37",46,24,1
"01JAN2010","31DEC2010","Cluster 37",2010,"Cluster 37",40,22,1
"01JAN2011","31DEC2011","Cluster 37",2011,"Cluster 37",48,24,1
"01JAN2012","31DEC2012","Cluster 37",2012,"Cluster 37",49,29,1
"01JAN2013","31DEC2013","Cluster 37",2013,"Cluster 37",43,22,1
"01JAN2014","31DEC2014","Cluster 37",2014,"Cluster 37",36,21,1
"01JAN2015","31DEC2015","Cluster 37",2015,"Cluster 37",46,19,1
"01JAN2016","31DEC2016","Cluster 37",2016,"Cluster 37",35,22,1
"01JAN2017","31DEC2017","Cluster 37",2017,"Cluster 37",34,15,1
"01JAN2018","31DEC2018","Cluster 37",2018,"Cluster 37",33,12,1
"01JAN2019","31DEC2019","Cluster 37",2019,"Cluster 37",22,11,1
"01JAN2000","31DEC2000","Cluster 38",2000,"Cluster 38",29,22,1
"01JAN2001","31DEC2001","Cluster 38",2001,"Cluster 38",31,20,1
"01JAN2002","31DEC2002","Cluster 38",2002,"Cluster 38",35,21,1
"01JAN2003","31DEC2003","Cluster 38",2003,"Cluster 38",36,20,1
"01JAN2004","31DEC2004","Cluster 38",2004,"Cluster 38",34,15,1
"01JAN2005","31DEC2005","Cluster 38",2005,"Cluster 38",34,20,1
"01JAN2006","31DEC2006","Cluster 38",2006,"Cluster 38",34,20,1
"01JAN2007","31DEC2007","Cluster 38",2007,"Cluster 38",41,21,1
"01JAN2008","31DEC2008","Cluster 38",2008,"Cluster 38",40,18,1
"01JAN2009","31DEC2009","Cluster 38",2009,"Cluster 38",39,20,1
"01JAN2010","31DEC2010","Cluster 38",2010,"Cluster 38",41,23,1
"01JAN2011","31DEC2011","Cluster 38",2011,"Cluster 38",33,17,1
"01JAN2012","31DEC2012","Cluster 38",2012,"Cluster 38",35,20,1
"01JAN2013","31DEC2013","Cluster 38",2013,"Cluster 38",39,19,1
"01JAN2014","31DEC2014","Cluster 38",2014,"Cluster 38",36,17,1
"01JAN2015","31DEC2015","Cluster 38",2015,"Cluster 38",37,17,1
"01JAN2016","31DEC2016","Cluster 38",2016,"Cluster 38",35,17,1
"01JAN2017","31DEC2017","Cluster 38",2017,"Cluster 38",30,11,1
"01JAN2018","31DEC2018","Cluster 38",2018,"Cluster 38",29,10,1
"01JAN2019","31DEC2019","Cluster 38",2019,"Cluster 38",24,9.8,1
"01JAN2000","31DEC2000","Cluster 39",2000,"Cluster 39",36,26,1
"01JAN2001","31DEC2001","Cluster 39",2001,"Cluster 39",42,25,1
"01JAN2002","31DEC2002","Cluster 39",2002,"Cluster 39",45,25,1
"01JAN2003","31DEC2003","Cluster 39",2003,"Cluster 39",42,26,1
"01JAN2004","31DEC2004","Cluster 39",2004,"Cluster 39",38,21,1
"01JAN2005","31DEC2005","Cluster 39",2005,"Cluster 39",37,21,1
"01JAN2006","31DEC2006","Cluster 39",2006,"Cluster 39",40,18,1
"01JAN2007","31DEC2007","Cluster 39",2007,"Cluster 39",50,23,1
"01JAN2008","31DEC2008","Cluster 39",2008,"Cluster 39",49,23,1
"01JAN2009","31DEC2009","Cluster 39",2009,"Cluster 39",47,22,1
"01JAN2010","31DEC2010","Cluster 39",2010,"Cluster 39",48,20,1
"01JAN2011","31DEC2011","Cluster 39",2011,"Cluster 39",41,22,1
"01JAN2012","31DEC2012","Cluster 39",2012,"Cluster 39",37,20,1
"01JAN2013","31DEC2013","Cluster 39",2013,"Cluster 39",40,20,1
"01JAN2014","31DEC2014","Cluster 39",2014,"Cluster 39",36,17,1
"01JAN2015","31DEC2015","Cluster 39",2015,"Cluster 39",33,17,1
"01JAN2016","31DEC2016","Cluster 39",2016,"Cluster 39",33,16,1
"01JAN2017","31DEC2017","Cluster 39",2017,"Cluster 39",31,12,1
"01JAN2018","31DEC2018","Cluster 39",2018,"Cluster 39",27,12,1
"01JAN2019","31DEC2019","Cluster 39",2019,"Cluster 39",24,11,1
"01JAN2000","31DEC2000","Cluster 40",2000,"Cluster 40",29,1.6,1
"01JAN2001","31DEC2001","Cluster 40",2001,"Cluster 40",37,6.8,1
"01JAN2002","31DEC2002","Cluster 40",2002,"Cluster 40",25,11,1
"01JAN2003","31DEC2003","Cluster 40",2003,"Cluster 40",48,19,1
"01JAN2004","31DEC2004","Cluster 40",2004,"Cluster 40",43,12,1
"01JAN2005","31DEC2005","Cluster 40",2005,"Cluster 40",31,4.1,1
"01JAN2006","31DEC2006","Cluster 40",2006,"Cluster 40",22,8.7,1
"01JAN2007","31DEC2007","Cluster 40",2007,"Cluster 40",42,9.2,1
"01JAN2008","31DEC2008","Cluster 40",2008,"Cluster 40",20,12,1
"01JAN2009","31DEC2009","Cluster 40",2009,"Cluster 40",31,7.9,1
"01JAN2010","31DEC2010","Cluster 40",2010,"Cluster 40",20,25,1
"01JAN2011","31DEC2011","Cluster 40",2011,"Cluster 40",45,8.5,1
"01JAN2012","31DEC2012","Cluster 40",2012,"Cluster 40",39,17,1
"01JAN2013","31DEC2013","Cluster 40",2013,"Cluster 40",56,31,1
"01JAN2014","31DEC2014","Cluster 40",2014,"Cluster 40",82,2.8,1
"01JAN2015","31DEC2015","Cluster 40",2015,"Cluster 40",48,11,1
"01JAN2016","31DEC2016","Cluster 40",2016,"Cluster 40",56,8.5,1
"01JAN2017","31DEC2017","Cluster 40",2017,"Cluster 40",65,17,1
"01JAN2018","31DEC2018","Cluster 40",2018,"Cluster 40",76,2.8,1
"01JAN2019","31DEC2019","Cluster 40",2019,"Cluster 40",34,2.8,1
"01JAN2000","31DEC2000","Cluster 41",2000,"Cluster 41",124,7.3,1
"01JAN2001","31DEC2001","Cluster 41",2001,"Cluster 41",97,15,1
"01JAN2002","31DEC2002","Cluster 41",2002,"Cluster 41",109,16,1
"01JAN2003","31DEC2003","Cluster 41",2003,"Cluster 41",144,11,1
"01JAN2004","31DEC2004","Cluster 41",2004,"Cluster 41",54,8.0,1
"01JAN2005","31DEC2005","Cluster 41",2005,"Cluster 41",57,9.0,1
"01JAN2006","31DEC2006","Cluster 41",2006,"Cluster 41",42,3.3,1
"01JAN2007","31DEC2007","Cluster 41",2007,"Cluster 41",27,6.0,1
"01JAN2008","31DEC2008","Cluster 41",2008,"Cluster 41",29,8.3,1
"01JAN2009","31DEC2009","Cluster 41",2009,"Cluster 41",36,7.7,1
"01JAN2010","31DEC2010","Cluster 41",2010,"Cluster 41",31,7.2,1
"01JAN2011","31DEC2011","Cluster 41",2011,"Cluster 41",27,2.4,1
"01JAN2012","31DEC2012","Cluster 41",2012,"Cluster 41",41,2.4,1
"01JAN2013","31DEC2013","Cluster 41",2013,"Cluster 41",41,2.4,1
"01JAN2014","31DEC2014","Cluster 41",2014,"Cluster 41",63,3.6,1
"01JAN2015","31DEC2015","Cluster 41",2015,"Cluster 41",24,2.4,1
"01JAN2016","31DEC2016","Cluster 41",2016,"Cluster 41",37,0.0,1
"01JAN2017","31DEC2017","Cluster 41",2017,"Cluster 41",39,2.4,1
"01JAN2018","31DEC2018","Cluster 41",2018,"Cluster 41",33,3.6,1
"01JAN2019","31DEC2019","Cluster 41",2019,"Cluster 41",30,2.4,1
"01JAN2000","31DEC2000","Cluster 43",2000,"Cluster 43",25,21,1
"01JAN2001","31DEC2001","Cluster 43",2001,"Cluster 43",38,15,1
"01JAN2002","31DEC2002","Cluster 43",2002,"Cluster 43",22,11,1
"01JAN2003","31DEC2003","Cluster 43",2003,"Cluster 43",23,16,1
"01JAN2004","31DEC2004","Cluster 43",2004,"Cluster 43",16,17,1
"01JAN2005","31DEC2005","Cluster 43",2005,"Cluster 43",11,4.4,1
"01JAN2006","31DEC2006","Cluster 43",2006,"Cluster 43",17,19,1
"01JAN2007","31DEC2007","Cluster 43",2007,"Cluster 43",54,53,1
"01JAN2008","31DEC2008","Cluster 43",2008,"Cluster 43",79,37,1
"01JAN2009","31DEC2009","Cluster 43",2009,"Cluster 43",64,53,1
"01JAN2010","31DEC2010","Cluster 43",2010,"Cluster 43",50,30,1
"01JAN2011","31DEC2011","Cluster 43",2011,"Cluster 43",77,59,1
"01JAN2012","31DEC2012","Cluster 43",2012,"Cluster 43",54,40,1
"01JAN2013","31DEC2013","Cluster 43",2013,"Cluster 43",59,40,1
"01JAN2014","31DEC2014","Cluster 43",2014,"Cluster 43",64,40,1
"01JAN2015","31DEC2015","Cluster 43",2015,"Cluster 43",44,56,1
"01JAN2016","31DEC2016","Cluster 43",2016,"Cluster 43",52,33,1
"01JAN2017","31DEC2017","Cluster 43",2017,"Cluster 43",59,23,1
"01JAN2018","31DEC2018","Cluster 43",2018,"Cluster 43",42,29,1
"01JAN2019","31DEC2019","Cluster 43",2019,"Cluster 43",43,17,1
"01JAN2000","31DEC2000","Cluster 44",2000,"Cluster 44",11,5.8,1
"01JAN2001","31DEC2001","Cluster 44",2001,"Cluster 44",10,4.3,1
"01JAN2002","31DEC2002","Cluster 44",2002,"Cluster 44",11,4.6,1
"01JAN2003","31DEC2003","Cluster 44",2003,"Cluster 44",13,4.1,1
"01JAN2004","31DEC2004","Cluster 44",2004,"Cluster 44",12,4.5,1
"01JAN2005","31DEC2005","Cluster 44",2005,"Cluster 44",15,5.0,1
"01JAN2006","31DEC2006","Cluster 44",2006,"Cluster 44",18,4.8,1
"01JAN2007","31DEC2007","Cluster 44",2007,"Cluster 44",11,3.2,1
"01JAN2008","31DEC2008","Cluster 44",2008,"Cluster 44",15,3.7,1
"01JAN2009","31DEC2009","Cluster 44",2009,"Cluster 44",11,3.5,1
"01JAN2010","31DEC2010","Cluster 44",2010,"Cluster 44",8.8,2.7,1
"01JAN2011","31DEC2011","Cluster 44",2011,"Cluster 44",15,3.2,1
"01JAN2012","31DEC2012","Cluster 44",2012,"Cluster 44",20,6.7,1
"01JAN2013","31DEC2013","Cluster 44",2013,"Cluster 44",14,7.2,1
"01JAN2014","31DEC2014","Cluster 44",2014,"Cluster 44",14,4.4,1
"01JAN2015","31DEC2015","Cluster 44",2015,"Cluster 44",15,4.6,1
"01JAN2016","31DEC2016","Cluster 44",2016,"Cluster 44",11,5.1,1
"01JAN2017","31DEC2017","Cluster 44",2017,"Cluster 44",12,1.7,1
"01JAN2018","31DEC2018","Cluster 44",2018,"Cluster 44",11,3.4,1
"01JAN2019","31DEC2019","Cluster 44",2019,"Cluster 44",11,3.4,1
"01JAN2000","31DEC2000","Cluster 46",2000,"Cluster 46",".",".",1
"01JAN2001","31DEC2001","Cluster 46",2001,"Cluster 46",345,207,1
"01JAN2002","31DEC2002","Cluster 46",2002,"Cluster 46",155,241,1
"01JAN2003","31DEC2003","Cluster 46",2003,"Cluster 46",136,125,1
"01JAN2004","31DEC2004","Cluster 46",2004,"Cluster 46",85,51,1
"01JAN2005","31DEC2005","Cluster 46",2005,"Cluster 46",75,55,1
"01JAN2006","31DEC2006","Cluster 46",2006,"Cluster 46",69,11,1
"01JAN2007","31DEC2007","Cluster 46",2007,"Cluster 46",113,49,1
"01JAN2008","31DEC2008","Cluster 46",2008,"Cluster 46",38,30,1
"01JAN2009","31DEC2009","Cluster 46",2009,"Cluster 46",61,46,1
"01JAN2010","31DEC2010","Cluster 46",2010,"Cluster 46",144,34,1
"01JAN2011","31DEC2011","Cluster 46",2011,"Cluster 46",68,10,1
"01JAN2012","31DEC2012","Cluster 46",2012,"Cluster 46",6.8,10,1
"01JAN2013","31DEC2013","Cluster 46",2013,"Cluster 46",10,0.0,1
"01JAN2014","31DEC2014","Cluster 46",2014,"Cluster 46",27,3.4,1
"01JAN2015","31DEC2015","Cluster 46",2015,"Cluster 46",21,3.4,1
"01JAN2016","31DEC2016","Cluster 46",2016,"Cluster 46",10,0.0,1
"01JAN2017","31DEC2017","Cluster 46",2017,"Cluster 46",14,0.0,1
"01JAN2018","31DEC2018","Cluster 46",2018,"Cluster 46",3.4,0.0,1
"01JAN2019","31DEC2019","Cluster 46",2019,"Cluster 46",14,10,1

